mapping_id	ko_path	source_type	en_target_paths	assigned_audit_job	primary_owner_job	supporting_jobs	previous_evidence_refs	path_validation	notes
D020	DOCK/Home/20. Altibase 설정 파일 가이드__13437165.md	technical_doc	arch/Home/Altibase Configuration File Guide__22642991.md	S003	S003	S005; S019	KO_EN_DOC_REVIEW_REPORT.md J002/J003; PASS2_KO_EN_DOC_REVIEW_REPORT.md P202/P204	exists	Duplicate source: S003 owns full audit; S005 may add operation-specific cross-reference rows only.
D021	DOCK/Home/21. Altibase 디스크I_O 병목을 고려한 볼륨구성 가이드__11698408.md	technical_doc	arch/Home/Configuration Guide For Minimizing Disk I_O Contention__22643018.md	S004	S004	S019	KO_EN_DOC_REVIEW_REPORT.md J002; PASS2_KO_EN_DOC_REVIEW_REPORT.md P203	exists	none
D022	DOCK/Home/22. Altibase 운영을 위한 Solaris 설정 가이드__11698415.md	technical_doc	arch/Home/Solaris Setup Guide for Altibase__14058290.md; arch/Home/Solaris Setup Guide for Altibase/1. Kernel Parameters__22643040.md; arch/Home/Solaris Setup Guide for Altibase/2. User Settings__14058294.md; arch/Home/Solaris Setup Guide for Altibase/3. Summary__14058296.md	S004	S004	S019	KO_EN_DOC_REVIEW_REPORT.md J002; PASS2_KO_EN_DOC_REVIEW_REPORT.md P203	exists	Split English target.
D023	DOCK/Home/23. Altibase 운영을 위한 HPUX 설정 가이드__14057733.md	technical_doc	arch/Home/HPUX Setup Guide for Altibase__14058288.md	S004	S004	S019	KO_EN_DOC_REVIEW_REPORT.md J002; PASS2_KO_EN_DOC_REVIEW_REPORT.md P203	exists	none
D024	DOCK/Home/24. Altibase 운영을 위한 AIX 설정 가이드__13436846.md	technical_doc	arch/Home/AIX Setup Guide for Altibase__14058298.md	S004	S004	S019	KO_EN_DOC_REVIEW_REPORT.md J002; PASS2_KO_EN_DOC_REVIEW_REPORT.md P203	exists	none
D025	DOCK/Home/25. Altibase 데이터베이스 생성 가이드__13436812.md	technical_doc	arch/Home/Creating ALTIBASE Database__22643020.md	S003	S003	S019	KO_EN_DOC_REVIEW_REPORT.md J002; PASS2_KO_EN_DOC_REVIEW_REPORT.md P202	exists	none
D026	DOCK/Home/26. Altibase 기본적인 장애대응 절차__13435879.md	technical_doc	arch/Home/Responding to Failures Guide for Altibase__15138818.md; arch/Home/Responding to Failures Guide for Altibase/1. Classification by type of failure__15138822.md; arch/Home/Responding to Failures Guide for Altibase/2. Procedure by type of failure__15138835.md; arch/Home/Responding to Failures Guide for Altibase/3. References__15138869.md	S005	S005	S009; S019	KO_EN_DOC_REVIEW_REPORT.md J003/J004; PASS2_KO_EN_DOC_REVIEW_REPORT.md P204/P208	exists	Duplicate source: S005 owns full audit; S009 may add backup/recovery-specific cross-reference rows only.
D027	DOCK/Home/27. Altibase 이중화 구성 가이드__13828098.md	technical_doc	arch/Home/Altibase Replication Configuration Guide__14647672.md	S008	S008	S019	KO_EN_DOC_REVIEW_REPORT.md J004; PASS2_KO_EN_DOC_REVIEW_REPORT.md P207	exists	none
D028	DOCK/Home/28. Altibase TOMCAT 연동가이드__7341030.md	technical_doc	arch/Home/TOMCAT Integration Guide for Altibase__14058489.md; arch/Home/TOMCAT Integration Guide for Altibase/1. TOMCAT Installation__14058491.md; arch/Home/TOMCAT Integration Guide for Altibase/2. JDBC Driver Configuration__14058500.md; arch/Home/TOMCAT Integration Guide for Altibase/3. Integrating ALTIBASE and TOMCAT__14058506.md; arch/Home/TOMCAT Integration Guide for Altibase/4. Fail-Over Configuration__14058508.md; arch/Home/TOMCAT Integration Guide for Altibase/5. Considerations when integrating TOMCAT__22643044.md; arch/Home/TOMCAT Integration Guide for Altibase/6. Errors when integrating TOMCAT__14058515.md	S012	S012	S019	KO_EN_DOC_REVIEW_REPORT.md J005; PASS2_KO_EN_DOC_REVIEW_REPORT.md P211	exists	Split English target.
D029	DOCK/Home/29. Altibase JEUS 연동가이드__7341028.md	technical_doc	arch/Home/JEUS Integration Guide for Altibase__14058459.md; arch/Home/JEUS Integration Guide for Altibase/1. JEUS Installation__14058463.md; arch/Home/JEUS Integration Guide for Altibase/2. Integrating ALTIBASE and JEUS__14058474.md; arch/Home/JEUS Integration Guide for Altibase/3. Sample Examples__14058486.md	S012	S012	S019	KO_EN_DOC_REVIEW_REPORT.md J005; PASS2_KO_EN_DOC_REVIEW_REPORT.md P211	exists	Split English target.
D030	DOCK/Home/30. Altibase JBoss 연동가이드__13437492.md	technical_doc	arch/Home/JBOSS Integration Guide for Altibase__14647358.md; arch/Home/JBOSS Integration Guide for Altibase/1. JBoss Installation__14647370.md; arch/Home/JBOSS Integration Guide for Altibase/2. Integrating Altibase and JBOSS__14647372.md; arch/Home/JBOSS Integration Guide for Altibase/3. Examples__14647382.md	S012	S012	S019	KO_EN_DOC_REVIEW_REPORT.md J005; PASS2_KO_EN_DOC_REVIEW_REPORT.md P211	exists	Split English target.
D031	DOCK/Home/31. Altibase 설치가이드__11698403.md	technical_doc	arch/Home/Altibase Installation Guide__14647632.md; arch/Home/Altibase Installation Guide/1. Altibase HDB package installer__14647639.md; arch/Home/Altibase Installation Guide/2. Product Installation using the Package Installer__14647653.md; arch/Home/Altibase Installation Guide/3. License Key Request__14647666.md	S003	S003	S019	KO_EN_DOC_REVIEW_REPORT.md J002; PASS2_KO_EN_DOC_REVIEW_REPORT.md P202	exists	Split English target.
D032	DOCK/Home/32. Altibase와 unixODBC 연동 가이드__11698379.md	technical_doc	arch/Home/Altibase and unixODBC Integration Guide__14647413.md; arch/Home/Altibase and unixODBC Integration Guide/1. unixODBC Manager Installation__14647417.md; arch/Home/Altibase and unixODBC Integration Guide/2. Integrating unixODBC Manager__14647432.md	S011	S011	S019	KO_EN_DOC_REVIEW_REPORT.md J005; PASS2_KO_EN_DOC_REVIEW_REPORT.md P210	exists	Split English target.
D033	DOCK/Home/33. Altibase 개발자교육__19333461.md	technical_doc	arch/Home/Altibase Developer Training__22642996.md	S010	S010	S019	KO_EN_DOC_REVIEW_REPORT.md J005; PASS2_KO_EN_DOC_REVIEW_REPORT.md P209	exists	none
D034	DOCK/Home/34. Altibase Precompiler 가이드__11698385.md	technical_doc	arch/Home/Altibase Precompiler Guide__14647438.md; arch/Home/Altibase Precompiler Guide/1. Considerations for ALTIBASE Development__14647447.md; arch/Home/Altibase Precompiler Guide/2. How to use APRE__14647451.md; arch/Home/Altibase Precompiler Guide/3. APRE Sample Program__14647488.md; arch/Home/Altibase Precompiler Guide/4. Frequently Occurring Error Messages__22643006.md; arch/Home/Altibase Precompiler Guide/5. Considerations when converting from other DBMSs__14647506.md	S010	S010	S019	KO_EN_DOC_REVIEW_REPORT.md J005; PASS2_KO_EN_DOC_REVIEW_REPORT.md P209	exists	Split English target.
D035	DOCK/Home/35. Altibase APRE(SES) _C_C++ Makefile__11698493.md	technical_doc	arch/Home/Altibase APRE(SES) _C_C++ Makefile__15630378.md; arch/Home/Altibase APRE(SES) _C_C++ Makefile/How to make a basic Makefile__15630382.md; arch/Home/Altibase APRE(SES) _C_C++ Makefile/Makefile for AIX xlc__16252935.md; arch/Home/Altibase APRE(SES) _C_C++ Makefile/Makefile for HP acc__16449546.md; arch/Home/Altibase APRE(SES) _C_C++ Makefile/Makefile for Linux gcc__15630400.md; arch/Home/Altibase APRE(SES) _C_C++ Makefile/Makefile for SUN(Solaris) cc__16678920.md; arch/Home/Altibase APRE(SES) _C_C++ Makefile/Notes_Considerations__16678933.md	S010	S010	S019	KO_EN_DOC_REVIEW_REPORT.md J005; PASS2_KO_EN_DOC_REVIEW_REPORT.md P209	exists	Split English target.
D036	DOCK/Home/36. Altibase 개발가이드__7341274.md	technical_doc	arch/Home/Altibase Development Guide__14058519.md; arch/Home/Altibase Development Guide/1. Considerations when Designing__22642998.md; arch/Home/Altibase Development Guide/2. Considerations when Developing__14058531.md; arch/Home/Altibase Development Guide/3. Altibase Trace Logs__22643000.md; arch/Home/Altibase Development Guide/4. CLIENT APPLICATION Error Messages__14058547.md	S016	S016	S019	KO_EN_DOC_REVIEW_REPORT.md J006; PASS2_KO_EN_DOC_REVIEW_REPORT.md P212	exists	Split English target.
D037	DOCK/Home/37. Altibase SQL 튜닝 가이드__19333563.md	technical_doc	arch/Home/Altibase SQL Tuning Guide__22643010.md	S016	S016	S019	KO_EN_DOC_REVIEW_REPORT.md J006; PASS2_KO_EN_DOC_REVIEW_REPORT.md P212	exists	none
D038	DOCK/Home/38. Altibase VC 2008 개발가이드__19333567.md	technical_doc	arch/Home/Altibase VC 2008 Development Guide__19333567.md	S017	S017	S019	KO_EN_DOC_REVIEW_REPORT.md J006; PASS2_KO_EN_DOC_REVIEW_REPORT.md P213	exists	none
D039	DOCK/Home/39. Altibase, Oracle 비교 자료__14058137.md	technical_doc	arch/Home/Altibase_Oracle Comparison__16875638.md	S016	S016	S019	KO_EN_DOC_REVIEW_REPORT.md J006; PASS2_KO_EN_DOC_REVIEW_REPORT.md P212	exists	none
D040	DOCK/Home/40. Oracle to Altibase 변환가이드__7341605.md	technical_doc	arch/Home/ORACLE to ALTIBASE Conversion Guide__22643038.md	S017	S017	S019	KO_EN_DOC_REVIEW_REPORT.md J006; PASS2_KO_EN_DOC_REVIEW_REPORT.md P213	exists	none
D041	DOCK/Home/41. Altibase Quick Install & Start for UNIX__13436834.md	technical_doc	arch/Home/Altibase Quick Install & Start for UNIX__16875604.md	S003	S003	S019	KO_EN_DOC_REVIEW_REPORT.md J002; PASS2_KO_EN_DOC_REVIEW_REPORT.md P202	exists	none
D042	DOCK/Home/42. Altibase 설치 시 발생할 수 있는 문제상황과 조치__13437056.md	technical_doc	arch/Home/Troubleshooting Altibase Installation Problems__15138879.md	S003	S003	S019	KO_EN_DOC_REVIEW_REPORT.md J002; PASS2_KO_EN_DOC_REVIEW_REPORT.md P202	exists	none
D043	DOCK/Home/43. Altibase STARTUP _ STOP 과정의 이해__13434993.md	technical_doc	arch/Home/Understanding the Altibase Start_Shut down Process__14909450.md; arch/Home/Understanding the Altibase Start_Shut down Process/1. Starting Altibase__14909452.md; arch/Home/Understanding the Altibase Start_Shut down Process/2. Shutting Altibase Down__14909483.md	S005	S005	S009; S019	KO_EN_DOC_REVIEW_REPORT.md J003/J004; PASS2_KO_EN_DOC_REVIEW_REPORT.md P204/P208	exists	Duplicate source: S005 owns full audit; S009 may add recovery-specific cross-reference rows only.
D044	DOCK/Home/44. APRE_C_C++ New Features & 업그레이드 가이드__13435760.md	technical_doc	arch/Home/APRE_C_C++ New Features & Upgrade Guide__22643052.md	S010	S010	S019	KO_EN_DOC_REVIEW_REPORT.md J005; PASS2_KO_EN_DOC_REVIEW_REPORT.md P209	exists	none
D045	DOCK/Home/45. Altibase 운영을 위한 시스템 리소스 용량산정 가이드__14057887.md	technical_doc	arch/Home/System Data Capacity Estimation Guide for Altibase Operations__22643042.md	S005	S005	S019	KO_EN_DOC_REVIEW_REPORT.md J003; PASS2_KO_EN_DOC_REVIEW_REPORT.md P204	exists	none
D046	DOCK/Home/46. Altibase 버전 간 마이그레이션 가이드__19333688.md	technical_doc	arch/Home/Altibase Data Migration Process Guide__22642994.md	S017	S017	S019	KO_EN_DOC_REVIEW_REPORT.md J006; PASS2_KO_EN_DOC_REVIEW_REPORT.md P213	exists	none
D047	DOCK/Home/47. 문제분석을 위한 OS별 유틸리티 사용 가이드__13436866.md	technical_doc	arch/Home/Utility Guide for each OS for Problem Analysis__16875587.md	S005	S005	S019	KO_EN_DOC_REVIEW_REPORT.md J003; PASS2_KO_EN_DOC_REVIEW_REPORT.md P204	exists	none
D048	DOCK/Home/48. UNIX Memory Management__13436842.md	technical_doc	arch/Home/UNIX Memory Management__16875572.md	S005	S005	S019	KO_EN_DOC_REVIEW_REPORT.md J003; PASS2_KO_EN_DOC_REVIEW_REPORT.md P204	exists	none
D049	DOCK/Home/49. Altibase 이중화 제약사항 가이드__19333729.md	technical_doc	arch/Home/Altibase Replication Constraints Guide__22643008.md	S008	S008	S019	KO_EN_DOC_REVIEW_REPORT.md J004; PASS2_KO_EN_DOC_REVIEW_REPORT.md P207	exists	none
D050	DOCK/Home/50. Altibase 백업정책 결정을 위한 고려사항__14057586.md	technical_doc	arch/Home/Considerations for Altibase Backup Policy__14647709.md; arch/Home/Considerations for Altibase Backup Policy/1. Backup Types__14647714.md; arch/Home/Considerations for Altibase Backup Policy/2. Considerations for Determining Backup Policy__14647722.md; arch/Home/Considerations for Altibase Backup Policy/3. Summary (Considerations for Altibase Backup Policy)__14647728.md	S009	S009	S019	KO_EN_DOC_REVIEW_REPORT.md J004; PASS2_KO_EN_DOC_REVIEW_REPORT.md P208	exists	Split English target.
D051	DOCK/Home/51. Altibase window ADO.NET 개발 가이드__11698513.md	technical_doc	arch/Home/Altibase Window ADO.NET Development Guide__14647565.md; arch/Home/Altibase Window ADO.NET Development Guide/1. ADO.NET Settings__14647569.md; arch/Home/Altibase Window ADO.NET Development Guide/2. ADO.NET Development Guide__14647573.md; arch/Home/Altibase Window ADO.NET Development Guide/3. Frequent Error Messages__14647579.md	S011	S011	S019	KO_EN_DOC_REVIEW_REPORT.md J005; PASS2_KO_EN_DOC_REVIEW_REPORT.md P210	exists	Split English target.
D052	DOCK/Home/52. Altibase WebSphere 연동 가이드__13435602.md	technical_doc	arch/Home/WebSphere Integration Guide for Altibase__14058343.md	S013	S013	S019	KO_EN_DOC_REVIEW_REPORT.md J005; PASS2_KO_EN_DOC_REVIEW_REPORT.md P211	exists	none
D053	DOCK/Home/53. Windows 환경의 Altibase ODBC 개발 가이드__13436856.md	technical_doc	arch/Home/Altibase ODBC Development Guide in Windows Environment__15138911.md	S011	S011	S019	KO_EN_DOC_REVIEW_REPORT.md J005; PASS2_KO_EN_DOC_REVIEW_REPORT.md P210	exists	none
D054	DOCK/Home/54. Altibase Spring 연동 가이드__7340945.md	technical_doc	arch/Home/Spring Integration Guide for Altibase__14058410.md; arch/Home/Spring Integration Guide for Altibase/1. What is Spring__14058412.md; arch/Home/Spring Integration Guide for Altibase/2. Setting before Developing Spring__14058420.md; arch/Home/Spring Integration Guide for Altibase/3. Setting up JDBC Driver__14058424.md; arch/Home/Spring Integration Guide for Altibase/4. Configuring DataSource__14058429.md; arch/Home/Spring Integration Guide for Altibase/5. Additional Connection__14058433.md; arch/Home/Spring Integration Guide for Altibase/6. Transaction Manager__14058437.md; arch/Home/Spring Integration Guide for Altibase/7. Considerations_Notes for Spring Integration__14058445.md; arch/Home/Spring Integration Guide for Altibase/8. Appendix - HelloSpring__14058449.md	S014	S014	S019	KO_EN_DOC_REVIEW_REPORT.md J005; PASS2_KO_EN_DOC_REVIEW_REPORT.md P211	exists	Split English target.
D055	DOCK/Home/55. Altibase iBATIS 연동가이드__7340053.md	technical_doc	arch/Home/iBatis Integration Guide for Altibase__14058303.md; arch/Home/iBatis Integration Guide for Altibase/1. iBatis Overview__14058305.md; arch/Home/iBatis Integration Guide for Altibase/2. Sample Preparation using iBATIS__14058307.md; arch/Home/iBatis Integration Guide for Altibase/3. Altibase Integration__14058309.md; arch/Home/iBatis Integration Guide for Altibase/4. iBATIS, Spring, Altibase Integration__14058311.md; arch/Home/iBatis Integration Guide for Altibase/5. Spring Integration Guide for Altibase__14058315.md; arch/Home/iBatis Integration Guide for Altibase/Appendix__14058317.md	S014	S014	S019	KO_EN_DOC_REVIEW_REPORT.md J005; PASS2_KO_EN_DOC_REVIEW_REPORT.md P211	exists	Split English target.
D056	DOCK/Home/56. JAVA 개발 가이드__14057500.md	technical_doc	arch/Home/JAVA Developer's Guide__16875544.md	S011	S011	S019	KO_EN_DOC_REVIEW_REPORT.md J005; PASS2_KO_EN_DOC_REVIEW_REPORT.md P210	exists	none
D057	DOCK/Home/57. Altibase 운영을 위한 Linux 설정 가이드__13436485.md	technical_doc	arch/Home/Linux Setup Guide for Altibase__22643022.md	S004	S004	S019	KO_EN_DOC_REVIEW_REPORT.md J002; PASS2_KO_EN_DOC_REVIEW_REPORT.md P203	exists	none
D058	DOCK/Home/58. Altibase Hibernate 연동가이드__14057878.md	technical_doc	arch/Home/Hibernate Integration Guide for Altibase__14058388.md	S015	S015	S019	KO_EN_DOC_REVIEW_REPORT.md J005; PASS2_KO_EN_DOC_REVIEW_REPORT.md P211	exists	none
D059	DOCK/Home/59. Altibase 모니터링 쿼리 가이드__10060431.md	technical_doc	arch/Home/Altibase Monitoring Queries Guide__14058229.md; arch/Home/Altibase Monitoring Queries Guide/1. Altibase Server Monitoring Overview__14058232.md; arch/Home/Altibase Monitoring Queries Guide/2. Altibase Meta Table and Performance View Overview__14058238.md; arch/Home/Altibase Monitoring Queries Guide/2. Altibase Meta Table and Performance View Overview/1. Main meta table and performance views related to session, query, transaction, lock, service thread, and memory DB GC__14058240.md; arch/Home/Altibase Monitoring Queries Guide/2. Altibase Meta Table and Performance View Overview/2. Major Meta Tables and Performance Views related to tablespace, table, column, index, and constraint__14058242.md; arch/Home/Altibase Monitoring Queries Guide/2. Altibase Meta Table and Performance View Overview/3. Main Performance View related to Statistical Information__14058244.md; arch/Home/Altibase Monitoring Queries Guide/2. Altibase Meta Table and Performance View Overview/4. Main Metal Tables and Performance Views Related to Replication__14058248.md; arch/Home/Altibase Monitoring Queries Guide/2. Altibase Meta Table and Performance View Overview/5. Whether Users can Access the Tablespace, System_Object Privileges, PSM, View related Meta Tables and Peformance Views__14058250.md; arch/Home/Altibase Monitoring Queries Guide/3. Monitoring Elements and Corresponding Monitoring Queries__14058252.md; arch/Home/Altibase Monitoring Queries Guide/3. Monitoring Elements and Corresponding Monitoring Queries/1. Session__14058254.md; arch/Home/Altibase Monitoring Queries Guide/3. Monitoring Elements and Corresponding Monitoring Queries/2. Statement__14058256.md; arch/Home/Altibase Monitoring Queries Guide/3. Monitoring Elements and Corresponding Monitoring Queries/3. Service Thread__14058260.md; arch/Home/Altibase Monitoring Queries Guide/3. Monitoring Elements and Corresponding Monitoring Queries/4. Transaction & Lock__14058264.md; arch/Home/Altibase Monitoring Queries Guide/3. Monitoring Elements and Corresponding Monitoring Queries/5. Redo Logfile__14058266.md; arch/Home/Altibase Monitoring Queries Guide/3. Monitoring Elements and Corresponding Monitoring Queries/6. GC (Garbage Collector)__14058268.md; arch/Home/Altibase Monitoring Queries Guide/3. Monitoring Elements and Corresponding Monitoring Queries/7. Memory__14058270.md; arch/Home/Altibase Monitoring Queries Guide/3. Monitoring Elements and Corresponding Monitoring Queries/8. Tablespace (TBS)__14058272.md; arch/Home/Altibase Monitoring Queries Guide/3. Monitoring Elements and Corresponding Monitoring Queries/9. Disk Buffer__14058274.md; arch/Home/Altibase Monitoring Queries Guide/3. Monitoring Elements and Corresponding Monitoring Queries/10. Object__14058276.md; arch/Home/Altibase Monitoring Queries Guide/3. Monitoring Elements and Corresponding Monitoring Queries/11. Privileges__14058278.md; arch/Home/Altibase Monitoring Queries Guide/3. Monitoring Elements and Corresponding Monitoring Queries/12. Constraints__14058280.md; arch/Home/Altibase Monitoring Queries Guide/3. Monitoring Elements and Corresponding Monitoring Queries/13. Replication__14058282.md	S006	S006	S019	KO_EN_DOC_REVIEW_REPORT.md J003; PASS2_KO_EN_DOC_REVIEW_REPORT.md P205	exists	Split English target.
D060	DOCK/Home/60. Altibase WebLogic 연동가이드__7340101.md	technical_doc	arch/Home/WEBLOGIC Integration Guide for Altibase__14058319.md; arch/Home/WEBLOGIC Integration Guide for Altibase/WebLogic Glossary__14058321.md; arch/Home/WEBLOGIC Integration Guide for Altibase/0. Prerequisites__14058324.md; arch/Home/WEBLOGIC Integration Guide for Altibase/1. WebLogic Setup__14058327.md; arch/Home/WEBLOGIC Integration Guide for Altibase/2. Starting and Shutdown the WebLogic Server Instance__14058329.md; arch/Home/WEBLOGIC Integration Guide for Altibase/3. ALTIBASE and WebLogic Integration__14058331.md; arch/Home/WEBLOGIC Integration Guide for Altibase/4. Fail-Over & Load-Balancing Settings__14058337.md; arch/Home/WEBLOGIC Integration Guide for Altibase/Integration Error__14058339.md	S013	S013	S019	KO_EN_DOC_REVIEW_REPORT.md J005; PASS2_KO_EN_DOC_REVIEW_REPORT.md P211	exists	Split English target.
D061	DOCK/Home/61. Altibase VC 2010 개발가이드__19334121.md	technical_doc	arch/Home/Altibase VC 2010 Development Guide__19334121.md	S017	S017	S019	KO_EN_DOC_REVIEW_REPORT.md J006; PASS2_KO_EN_DOC_REVIEW_REPORT.md P213	exists	none
D062	DOCK/Home/62. Altibase CPU 과부하 현상에 대한 분석가이드__11698396.md	technical_doc	arch/Home/Altibase CPU Overload Analysis Guide__14647581.md; arch/Home/Altibase CPU Overload Analysis Guide/1. Routine Checklist__14647587.md; arch/Home/Altibase CPU Overload Analysis Guide/2. General Analysis Procedure__14647591.md; arch/Home/Altibase CPU Overload Analysis Guide/3. CPU Cost of Query Processing__14647598.md; arch/Home/Altibase CPU Overload Analysis Guide/4. CPU problems with other cases__14647606.md; arch/Home/Altibase CPU Overload Analysis Guide/5. Summary__14647615.md	S007	S007	S019	KO_EN_DOC_REVIEW_REPORT.md J003; PASS2_KO_EN_DOC_REVIEW_REPORT.md P206	exists	Split English target.
D063	DOCK/Home/63. Altibase Memory 사용량 증가 분석가이드__11698518.md	technical_doc	arch/Home/Altibase Memory Usage Increase Analysis Guide__14647388.md; arch/Home/Altibase Memory Usage Increase Analysis Guide/1. Routine Check of Memory Usage__14647392.md; arch/Home/Altibase Memory Usage Increase Analysis Guide/2. Causes and resolution for increase of Altibase process memory usage__14647396.md	S007	S007	S019	KO_EN_DOC_REVIEW_REPORT.md J003; PASS2_KO_EN_DOC_REVIEW_REPORT.md P206	exists	Split English target.
D064	DOCK/Home/64. Altibase MyBatis 연동 가이드__7340818.md	technical_doc	arch/Home/MyBatis Integration Guide for Altibase__14058349.md; arch/Home/MyBatis Integration Guide for Altibase/1. MyBatis Overview__14058351.md; arch/Home/MyBatis Integration Guide for Altibase/2. Differences Between MyBatis, and iBatis__14058354.md; arch/Home/MyBatis Integration Guide for Altibase/3. Sample Preparation using MyBatis__14058356.md; arch/Home/MyBatis Integration Guide for Altibase/4. Altibase Integration__22643026.md; arch/Home/MyBatis Integration Guide for Altibase/5. MyBatis, Spring, Altibase Integration__22643028.md; arch/Home/MyBatis Integration Guide for Altibase/6. Transaction Management__22643030.md; arch/Home/MyBatis Integration Guide for Altibase/7. Considerations for MyBatis Integration__22643032.md; arch/Home/MyBatis Integration Guide for Altibase/8. Appendix 1 (MyBatis-Altibase Integration)__22643034.md; arch/Home/MyBatis Integration Guide for Altibase/9. Appendix 2(Spring-MyBatis-Altibase Integration)__22643036.md	S015	S015	S019	KO_EN_DOC_REVIEW_REPORT.md J005; PASS2_KO_EN_DOC_REVIEW_REPORT.md P211	exists	Split English target.
D065	DOCK/Home/65. MSSQL to Altibase 변환가이드__7341431.md	technical_doc	arch/Home/MSSQL to ALTIBASE Conversion Guide__22643024.md	S017	S017	S019	KO_EN_DOC_REVIEW_REPORT.md J006; PASS2_KO_EN_DOC_REVIEW_REPORT.md P213	exists	none
D066	DOCK/Home/66. Altibase PHP 연동가이드__7341461.md	technical_doc	arch/Home/PHP Integration Guide for Altibase__14647305.md; arch/Home/PHP Integration Guide for Altibase/1. ALTIBASE HDB PHP Module Reference__14647310.md; arch/Home/PHP Integration Guide for Altibase/2. ODBC Manger Installation for PHP Integration__14647312.md; arch/Home/PHP Integration Guide for Altibase/3. PHP Functions for ODBC Connection__14647314.md	S011	S011	S019	KO_EN_DOC_REVIEW_REPORT.md J005; PASS2_KO_EN_DOC_REVIEW_REPORT.md P210	exists	Split English target.
D067	DOCK/Home/67. Altibase 도커 가이드__14057660.md	technical_doc	arch/Home/Altibase Docker Guide__14647741.md; arch/Home/Altibase Docker Guide/1. Overview of Docker__14647745.md; arch/Home/Altibase Docker Guide/2. Docker Installation__14647748.md; arch/Home/Altibase Docker Guide/3. Altibase Docker Image__14647754.md; arch/Home/Altibase Docker Guide/4. Creating Altibase Service Container__14647760.md; arch/Home/Altibase Docker Guide/5. Stopping_Deleting Altibase Service Container__14909445.md	S018	S018	S019	KO_EN_DOC_REVIEW_REPORT.md J006; PASS2_KO_EN_DOC_REVIEW_REPORT.md P214	exists	Split English target.
D068	DOCK/Home/68. Altibase GeoServer 연동가이드__14058194.md	technical_doc	arch/Home/Altibase GeoServer Integration Guide__22643004.md	S018	S018	S019	KO_EN_DOC_REVIEW_REPORT.md J006; PASS2_KO_EN_DOC_REVIEW_REPORT.md P214	exists	none
D069	DOCK/Home/69. Altibase를 위한 SQuirrel SQL Client Quick 가이드__12255259.md	technical_doc	arch/Home/SQuirrel SQL Client Quick Guide for Altibase__14647622.md; arch/Home/SQuirrel SQL Client Quick Guide for Altibase/1. SQuirrel SQL Client Installation__14647626.md; arch/Home/SQuirrel SQL Client Quick Guide for Altibase/2. Altibase JDBC Driver Registeration__14647628.md; arch/Home/SQuirrel SQL Client Quick Guide for Altibase/3. Integration with Altibase__14647630.md	S018	S018	S019	KO_EN_DOC_REVIEW_REPORT.md J006; PASS2_KO_EN_DOC_REVIEW_REPORT.md P214	exists	Split English target.
D070	DOCK/Home/70. Migration Center 사용자 가이드__19955861.md	technical_doc	arch/Home/Migration Center User Guide__19955861.md	S017	S017	S019	KO_EN_DOC_REVIEW_REPORT.md J006; PASS2_KO_EN_DOC_REVIEW_REPORT.md P213	exists	none
F01-01	faq/Home/01. 설치, 패치, 업그레이드/01-01. Altibase HDB가 지원하는 플랫폼(OS)은__9110736.md	faq	FAQE/Home/01. Installation, Patch, Upgrade/What Platforms (OS) Altibase HDB supports__16875920.md	S020	S020	S031	KO_EN_DOC_REVIEW_REPORT.md J007; PASS2_KO_EN_DOC_REVIEW_REPORT.md P215	exists	none
F01-02	faq/Home/01. 설치, 패치, 업그레이드/01-02. Unix 및 Linux 에서 알티베이스 서버 패치 절차__8454397.md	faq	FAQE/Home/01. Installation, Patch, Upgrade/Altibase Server Patch Procedure on Unix and Linux__16875922.md	S020	S020	S031	KO_EN_DOC_REVIEW_REPORT.md J007; PASS2_KO_EN_DOC_REVIEW_REPORT.md P215	exists	none
F01-03	faq/Home/01. 설치, 패치, 업그레이드/01-03. 알티베이스 클라이언트 설치 방법(ALTIBASE HDB 5.5.1 부터)__8455011.md	faq	FAQE/Home/01. Installation, Patch, Upgrade/Altibase Client Installation/Starting from ALTIBASE HDB 5.5.1__16875941.md	S020	S020	S031	KO_EN_DOC_REVIEW_REPORT.md J007; PASS2_KO_EN_DOC_REVIEW_REPORT.md P215	exists	none
F01-04	faq/Home/01. 설치, 패치, 업그레이드/01-04. 윈도우에서 알티베이스 설치 할 때 _이미 설치가 되었다_고 합니다__8454409.md	faq	FAQE/Home/01. Installation, Patch, Upgrade/What to do when installing Altibase on Windows, and it says _It has already been installed__16875943.md	S020	S020	S031	KO_EN_DOC_REVIEW_REPORT.md J007; PASS2_KO_EN_DOC_REVIEW_REPORT.md P215	exists	none
F02-01	faq/Home/02. 운영 및 관리/02-01. [Linux] Altibase 서버 프로세스 자동 시작 스크립트 등록 방법__12517478.md	faq	FAQE/Home/02. Operation and Management/[Linux] How to register Altibase server process auto start script__16875947.md	S021	S021	S031	KO_EN_DOC_REVIEW_REPORT.md J007; PASS2_KO_EN_DOC_REVIEW_REPORT.md P216	exists	none
F02-02	faq/Home/02. 운영 및 관리/02-02. column modify 하는 방법__8454851.md	faq	FAQE/Home/02. Operation and Management/How to modify column__16875952.md	S022	S022	S031	KO_EN_DOC_REVIEW_REPORT.md J007; PASS2_KO_EN_DOC_REVIEW_REPORT.md P216	exists	none
F02-03	faq/Home/02. 운영 및 관리/02-03. Database 를 stop 하고 start 하는 방법__9764972.md	faq	FAQE/Home/02. Operation and Management/How to start and stop the database__22642937.md	S021	S021	S031	KO_EN_DOC_REVIEW_REPORT.md J007; PASS2_KO_EN_DOC_REVIEW_REPORT.md P215	exists	none
F02-04	faq/Home/02. 운영 및 관리/02-04. Database 의 db name을 바꾸는 방법__10059840.md	faq	FAQE/Home/02. Operation and Management/How to change the database's db name__16875966.md	S021	S021	S031	KO_EN_DOC_REVIEW_REPORT.md J007; PASS2_KO_EN_DOC_REVIEW_REPORT.md P215	exists	none
F02-05	faq/Home/02. 운영 및 관리/02-05. Datafile 을 추가한 이력 확인 방법__8454956.md	faq	FAQE/Home/02. Operation and Management/How to check the history of adding datafiles__16875969.md	S022	S022	S031	KO_EN_DOC_REVIEW_REPORT.md J007; PASS2_KO_EN_DOC_REVIEW_REPORT.md P216	exists	none
F02-06	faq/Home/02. 운영 및 관리/02-06. DB 이름 변경 후 server create 오류발생시__8454421.md	faq	FAQE/Home/02. Operation and Management/When server create errors occur after DB name change__16875972.md	S021	S021	S031	KO_EN_DOC_REVIEW_REPORT.md J007; PASS2_KO_EN_DOC_REVIEW_REPORT.md P215	exists	none
F02-07	faq/Home/02. 운영 및 관리/02-07. floating point 형 data type (double, float) 사용 시 주의사항__8454981.md	faq	FAQE/Home/02. Operation and Management/Notes on using floating point data type (double, float)__16875974.md	S022	S022	S031	KO_EN_DOC_REVIEW_REPORT.md J007; PASS2_KO_EN_DOC_REVIEW_REPORT.md P216	exists	none
F02-08	faq/Home/02. 운영 및 관리/02-08. HP-UX에서 부팅 시 알티베이스를 자동으로 시작(startup)하는 방법__9110724.md	faq	FAQE/Home/02. Operation and Management/How to startup Altibase automatically when booting from HP-UX__16875976.md	S021	S021	S031	KO_EN_DOC_REVIEW_REPORT.md J007; PASS2_KO_EN_DOC_REVIEW_REPORT.md P216	exists	none
F02-09	faq/Home/02. 운영 및 관리/02-09. IPC 통신을 위한 알티베이스 서버 설정__9110665.md	faq	FAQE/Home/02. Operation and Management/Altibase Server Configuration for IPC Communication__22642933.md	S021	S021	S031	KO_EN_DOC_REVIEW_REPORT.md J007; PASS2_KO_EN_DOC_REVIEW_REPORT.md P215	exists	none
F02-10	faq/Home/02. 운영 및 관리/02-10. LOCK TIMEOUT 발생 시 조치 방법__9110702.md	faq	FAQE/Home/02. Operation and Management/How to resolve when LOCK TIMEOUT occurs__16875984.md	S021	S021	S031	KO_EN_DOC_REVIEW_REPORT.md J007; PASS2_KO_EN_DOC_REVIEW_REPORT.md P215	exists	none
F02-11A	faq/Home/02. 운영 및 관리/02-11. Lock 잡고 있는 세션을 강제로 종료하는 방법__9110706.md	faq	FAQE/Home/02. Operation and Management/How to forcefully close a session that is being locked__16875986.md	S021	S021	S031	KO_EN_DOC_REVIEW_REPORT.md J007; PASS2_KO_EN_DOC_REVIEW_REPORT.md P215	exists	none
F02-11B	faq/Home/02. 운영 및 관리/02-11. Maximum Capacity Specifications for Altibase__9110717.md	faq	FAQE/Home/02. Operation and Management/Maximum Capacity Specifications for Altibase__16875989.md	S022	S022	S031	KO_EN_DOC_REVIEW_REPORT.md J007; PASS2_KO_EN_DOC_REVIEW_REPORT.md P216	exists	Korean source has duplicate 02-11 numbering; mapping ID disambiguates it as F02-11B.
F02-12	faq/Home/02. 운영 및 관리/02-12. MEM_MAX_DB_SIZE 프로퍼티 설정 변경__8454891.md	faq	FAQE/Home/02. Operation and Management/What is MEM_MAX_DB_SIZE__16875991.md	S022	S022	S031	KO_EN_DOC_REVIEW_REPORT.md J007; PASS2_KO_EN_DOC_REVIEW_REPORT.md P216	exists	none
F02-13	faq/Home/02. 운영 및 관리/02-13. PUBLIC SYNONYM 을 삭제해도 되나요__6520939.md	faq	FAQE/Home/02. Operation and Management/Can PUBLIC SYNONYM be dropped__16875993.md	S021	S021	S031	KO_EN_DOC_REVIEW_REPORT.md J007; PASS2_KO_EN_DOC_REVIEW_REPORT.md P216	exists	none
F02-14	faq/Home/02. 운영 및 관리/02-14. Solaris에서 OS booting 시 자동 altibase startup__9110643.md	faq	FAQE/Home/02. Operation and Management/Automatic altibase startup during OS booting in Solaris__16875996.md	S021	S021	S031	KO_EN_DOC_REVIEW_REPORT.md J007; PASS2_KO_EN_DOC_REVIEW_REPORT.md P216	exists	none
F02-15	faq/Home/02. 운영 및 관리/02-15. sys 유저 패스워드 변경 방법__6521708.md	faq	FAQE/Home/02. Operation and Management/How to change sys user password__16876004.md	S021	S021	S031	KO_EN_DOC_REVIEW_REPORT.md J007; PASS2_KO_EN_DOC_REVIEW_REPORT.md P215	exists	none
F02-16	faq/Home/02. 운영 및 관리/02-16. Table 데이터는 Disk 에 저장하고 인덱스만 Memory 에 생성이 가능한가요__8454455.md	faq	FAQE/Home/02. Operation and Management/Can table data be saved on disk and only indexes can be created in memory__16876008.md	S022	S022	S031	KO_EN_DOC_REVIEW_REPORT.md J007; PASS2_KO_EN_DOC_REVIEW_REPORT.md P216	exists	none
F02-17	faq/Home/02. 운영 및 관리/02-17. TRANSACTION_TABLE_SIZE 변경 시 고려사항__7341337.md	faq	FAQE/Home/02. Operation and Management/Notes_Considerations when changing TRANSACTION_TABLE_SIZE__16876013.md	S022	S022	S031	KO_EN_DOC_REVIEW_REPORT.md J007; PASS2_KO_EN_DOC_REVIEW_REPORT.md P215	exists	none
F02-18	faq/Home/02. 운영 및 관리/02-18. 데이터베이스 보안 점검 체크리스트__6521702.md	faq	FAQE/Home/02. Operation and Management/Database Security Checklist__22642935.md	S021	S021	S031	KO_EN_DOC_REVIEW_REPORT.md J007; PASS2_KO_EN_DOC_REVIEW_REPORT.md P215	exists	none
F02-19	faq/Home/02. 운영 및 관리/02-19. 동시 접속 세션 수(MAX_CLIENT) 증가 시 고려사항__7341076.md	faq	FAQE/Home/02. Operation and Management/Notes_Considerations when increasing the number of concurrent connection sessions (MAX_CLIENT)__16876028.md	S021	S021	S031	KO_EN_DOC_REVIEW_REPORT.md J007; PASS2_KO_EN_DOC_REVIEW_REPORT.md P215	exists	none
F02-20	faq/Home/02. 운영 및 관리/02-20. 로그디스크 FULL이 발생하는 경우와 대처 방법__9110748.md	faq	FAQE/Home/02. Operation and Management/When log disk is FULL and its countermeasures__16876034.md	S022	S022	S031	KO_EN_DOC_REVIEW_REPORT.md J007; PASS2_KO_EN_DOC_REVIEW_REPORT.md P216	exists	none
F02-21	faq/Home/02. 운영 및 관리/02-21. 사용자 생성(CREATE USER) 및 패스워드 변경(ALTER USER) 방법__9110757.md	faq	FAQE/Home/02. Operation and Management/How to create a user (CREATE USER) and change a password (ALTER USER)__16876036.md	S021	S021	S031	KO_EN_DOC_REVIEW_REPORT.md J007; PASS2_KO_EN_DOC_REVIEW_REPORT.md P215	exists	none
F02-22	faq/Home/02. 운영 및 관리/02-22. 사용자 패스워드 길이 제약 - 버전 별 차이__7341322.md	faq	FAQE/Home/02. Operation and Management/User password length limitation - Differences by version__22642941.md	S021	S021	S031	KO_EN_DOC_REVIEW_REPORT.md J007; PASS2_KO_EN_DOC_REVIEW_REPORT.md P215	exists	none
F02-23	faq/Home/02. 운영 및 관리/02-23. 작업(Job)객체 생성 및 실행 방법__9109696.md	faq	FAQE/Home/02. Operation and Management/How to create and execute Job objects__16876042.md	S022	S022	S031	KO_EN_DOC_REVIEW_REPORT.md J007; PASS2_KO_EN_DOC_REVIEW_REPORT.md P216	exists	none
F02-24	faq/Home/02. 운영 및 관리/02-24. 캐릭터셋 변경 방법 상세 절차__8454470.md	faq	FAQE/Home/02. Operation and Management/Detailed procedure for changing character set__16876045.md	S022	S022	S031	KO_EN_DOC_REVIEW_REPORT.md J007; PASS2_KO_EN_DOC_REVIEW_REPORT.md P216	exists	none
F02-25	faq/Home/02. 운영 및 관리/02-25. 테이블스페이스 데이터 파일 경로 변경 방법__9109934.md	faq	FAQE/Home/02. Operation and Management/How to change the tablespace data file path__16876049.md	S022	S022	S031	KO_EN_DOC_REVIEW_REPORT.md J007; PASS2_KO_EN_DOC_REVIEW_REPORT.md P216	exists	none
F02-26	faq/Home/02. 운영 및 관리/02-26. 로그앵커, 온라인 로그파일, 아카이브 로그파일, 더블 라이트(Double Write)파일 경로 변경 방법__14057689.md	faq	FAQE/Home/02. Operation and Management/How to change the path of log anchor, online log file, archive log file, and double write file__16876052.md	S022	S022	S031	KO_EN_DOC_REVIEW_REPORT.md J007; PASS2_KO_EN_DOC_REVIEW_REPORT.md P216	exists	none
F02-27	faq/Home/02. 운영 및 관리/02-27. OS시간과 DB시간이 맞질 않습니다__22642857.md	faq	FAQE/Home/02. Operation and Management/The OS time and the DB time do not match__22642939.md	S021	S021	S031	KO_EN_DOC_REVIEW_REPORT.md J007; PASS2_KO_EN_DOC_REVIEW_REPORT.md P215	exists	none
F03-01	faq/Home/03. 이중화/03-01. replication conflict 발생원인과 해결방법__9110676.md	faq	FAQE/Home/03. Replication/Causes and Solutions of Replication Conflicts__16876059.md	S023	S023	S031	KO_EN_DOC_REVIEW_REPORT.md J008; PASS2_KO_EN_DOC_REVIEW_REPORT.md P217	exists	none
F03-02	faq/Home/03. 이중화/03-02. 동일 IP로 여러 개의 이중화 객체를 생성하는 방법__12517469.md	faq	FAQE/Home/03. Replication/How to create multiple replication objects with the same IP__16876063.md	S023	S023	S031	KO_EN_DOC_REVIEW_REPORT.md J008; PASS2_KO_EN_DOC_REVIEW_REPORT.md P217	exists	none
F03-03	faq/Home/03. 이중화/03-03. 알티베이스 이중화 대상 테이블에 대한 DDL 작업__8454667.md	faq	FAQE/Home/03. Replication/DDL operation on the table for Altibase replication__22642943.md	S023	S023	S031	KO_EN_DOC_REVIEW_REPORT.md J008; PASS2_KO_EN_DOC_REVIEW_REPORT.md P217	exists	none
F03-04	faq/Home/03. 이중화/03-04. 이중화 give-up에 대해__9110761.md	faq	FAQE/Home/03. Replication/Replication give-up__22642945.md	S023	S023	S031	KO_EN_DOC_REVIEW_REPORT.md J008; PASS2_KO_EN_DOC_REVIEW_REPORT.md P217	exists	none
F03-05	faq/Home/03. 이중화/03-05. 이중화 객체 IP 변경 방법__12517463.md	faq	FAQE/Home/03. Replication/How to change replication object IP__16876079.md	S023	S023	S031	KO_EN_DOC_REVIEW_REPORT.md J008; PASS2_KO_EN_DOC_REVIEW_REPORT.md P217	exists	none
F03-06	faq/Home/03. 이중화/03-06. 이중화 객체 생성 및 삭제 방법__13008990.md	faq	FAQE/Home/03. Replication/How to create_delete replication objects__16876082.md	S023	S023	S031	KO_EN_DOC_REVIEW_REPORT.md J008; PASS2_KO_EN_DOC_REVIEW_REPORT.md P217	exists	none
F03-07	faq/Home/03. 이중화/03-07. 이중화 대상 테이블 추가_삭제 방법__13008994.md	faq	FAQE/Home/03. Replication/How to add_delete replication target table__16876094.md	S023	S023	S031	KO_EN_DOC_REVIEW_REPORT.md J008; PASS2_KO_EN_DOC_REVIEW_REPORT.md P217	exists	none
F03-08	faq/Home/03. 이중화/03-08. 이중화 모니터링 쿼리__9110681.md	faq	FAQE/Home/03. Replication/Replication monitoring query__22642947.md	S023	S023	S031	KO_EN_DOC_REVIEW_REPORT.md J008; PASS2_KO_EN_DOC_REVIEW_REPORT.md P217	exists	none
F04-01	faq/Home/04. 백업 및 복구/04-01. aexport 및 iloader 이용__7341694.md	faq	FAQE/Home/04. Backup and Recovery/Using aexport and iloader__16876103.md	S024	S024	S031	KO_EN_DOC_REVIEW_REPORT.md J008; PASS2_KO_EN_DOC_REVIEW_REPORT.md P218	exists	none
F04-01-01	faq/Home/04. 백업 및 복구/04-01. aexport 및 iloader 이용/04-01-01. aexport, iloader 란__7341696.md	faq	FAQE/Home/04. Backup and Recovery/Using aexport and iloader/What is aexport, iloader__16876105.md	S024	S024	S031	KO_EN_DOC_REVIEW_REPORT.md J008; PASS2_KO_EN_DOC_REVIEW_REPORT.md P218	exists	none
F04-01-02	faq/Home/04. 백업 및 복구/04-01. aexport 및 iloader 이용/04-01-02. aexport 를 이용한 데이터베이스 객체 백업__7341698.md	faq	FAQE/Home/04. Backup and Recovery/Using aexport and iloader/Database object backup using aexport__22642949.md	S024	S024	S031	KO_EN_DOC_REVIEW_REPORT.md J008; PASS2_KO_EN_DOC_REVIEW_REPORT.md P218	exists	none
F04-01-03	faq/Home/04. 백업 및 복구/04-01. aexport 및 iloader 이용/04-01-03. iloader 를 이용한 데이터 다운로드__7341700.md	faq	FAQE/Home/04. Backup and Recovery/Using aexport and iloader/Data download using iloader__16876147.md	S024	S024	S031	KO_EN_DOC_REVIEW_REPORT.md J008; PASS2_KO_EN_DOC_REVIEW_REPORT.md P218	exists	none
F04-01-04	faq/Home/04. 백업 및 복구/04-01. aexport 및 iloader 이용/04-01-04. 데이터베이스 객체 생성 및 데이터 업로드__7341702.md	faq	FAQE/Home/04. Backup and Recovery/Using aexport and iloader/Create database object and upload data__16876145.md	S024	S024	S031	KO_EN_DOC_REVIEW_REPORT.md J008; PASS2_KO_EN_DOC_REVIEW_REPORT.md P218	exists	none
F04-02	faq/Home/04. 백업 및 복구/04-02. Cold Backup한 것을 Directory 경로변경 하여 복구하는 방법__9110699.md	faq	FAQE/Home/04. Backup and Recovery/How to recover cold backup by changing directory path__16876133.md	S024	S024	S031	KO_EN_DOC_REVIEW_REPORT.md J008; PASS2_KO_EN_DOC_REVIEW_REPORT.md P218	exists	none
F04-03	faq/Home/04. 백업 및 복구/04-03. Online Backup 및 Time Based Recovery 방법__9110695.md	faq	FAQE/Home/04. Backup and Recovery/Online Backup and Time Based Recovery__16876135.md	S024	S024	S031	KO_EN_DOC_REVIEW_REPORT.md J008; PASS2_KO_EN_DOC_REVIEW_REPORT.md P218	exists	none
F05-01	faq/Home/05. SQL/05-01. varchar, char 타입 비교__9110650.md	faq	FAQE/Home/05. SQL/Comparison between VARCHAR and CHAR types__16876151.md	S024	S024	S031	KO_EN_DOC_REVIEW_REPORT.md J008; PASS2_KO_EN_DOC_REVIEW_REPORT.md P218	exists	none
F05-02	faq/Home/05. SQL/05-02. 객체에 부여된 권한을 확인하는 방법__8454634.md	faq	FAQE/Home/05. SQL/How to check the privileges granted to an object__16876153.md	S024	S024	S031	KO_EN_DOC_REVIEW_REPORT.md J008; PASS2_KO_EN_DOC_REVIEW_REPORT.md P218	exists	none
F06-01	faq/Home/06. Stored Procedures/06-01. Stored Procedure 내에서 DML 로 영향 받은 레코드 수 확인 방법__8454526.md	faq	FAQE/Home/06. Stored Procedure/How to check the number of records affected by DML within the stored procedure__16876157.md	S024	S024	S031	KO_EN_DOC_REVIEW_REPORT.md J008; PASS2_KO_EN_DOC_REVIEW_REPORT.md P218	exists	none
F06-02	faq/Home/06. Stored Procedures/06-02. 저장 프로시저 내용 확인 방법__9110656.md	faq	FAQE/Home/06. Stored Procedure/How to check the contents of stored procedure__16876159.md	S024	S024	S031	KO_EN_DOC_REVIEW_REPORT.md J008; PASS2_KO_EN_DOC_REVIEW_REPORT.md P218	exists	none
F07-01	faq/Home/07. 개발 및 API/07-01. Connection 연결이 끊어지는 경우와 각 경우의 에러 코드 및 에러 메세지(APRE_C_C++, SQLCLI)__9110022.md	faq	FAQE/Home/07. Development and API/Connection disconnection, error codes, and error messages in each case (APRE_C_C++, SQLCLI)__16876167.md	S025	S025	S031	KO_EN_DOC_REVIEW_REPORT.md J008; PASS2_KO_EN_DOC_REVIEW_REPORT.md P219	exists	none
F07-02-01	faq/Home/07. 개발 및 API/07-02. JDBC/07-02-01. Altibase JDBC에서 Fail-Over 사용하는 방법은__9110740.md	faq	FAQE/Home/07. Development and API/JDBC/How to use Fail-Over in Altibase JDBC__16876173.md	S025	S025	S031	KO_EN_DOC_REVIEW_REPORT.md J008; PASS2_KO_EN_DOC_REVIEW_REPORT.md P219	exists	none
F07-02-02	faq/Home/07. 개발 및 API/07-02. JDBC/07-02-02. jdbc.trc 파일 생성 위치 변경 방법__8454703.md	faq	FAQE/Home/07. Development and API/JDBC/How to change the jdbc.trc file creation location__16876175.md	S025	S025	S031	KO_EN_DOC_REVIEW_REPORT.md J008; PASS2_KO_EN_DOC_REVIEW_REPORT.md P219	exists	none
F07-02-03	faq/Home/07. 개발 및 API/07-02. JDBC/07-02-03. JDBC를 통한 서로 다른 Altibase 버전 동시 접속__22642863.md	faq	FAQE/Home/07. Development and API/JDBC/Simultaneous connections to different Altibase versions via JDBC__22642951.md	S025	S025	S031	KO_EN_DOC_REVIEW_REPORT.md J008; PASS2_KO_EN_DOC_REVIEW_REPORT.md P219	exists	none
F07-03-01	faq/Home/07. 개발 및 API/07-03. ODBC/07-03-01. 64-bit Windows에서 32-bit ODBC 설치__9110670.md	faq	FAQE/Home/07. Development and API/ODBC/32-bit ODBC installation on 64-bit Windows__22642957.md	S025	S025	S031	KO_EN_DOC_REVIEW_REPORT.md J008; PASS2_KO_EN_DOC_REVIEW_REPORT.md P219	exists	none
F07-03-02	faq/Home/07. 개발 및 API/07-03. ODBC/07-03-02. ODBC 함수, SQLFreeStmt__9110024.md	faq	FAQE/Home/07. Development and API/ODBC/ODBC function, SQLFreeStmt__16876183.md	S025	S025	S031	KO_EN_DOC_REVIEW_REPORT.md J008; PASS2_KO_EN_DOC_REVIEW_REPORT.md P219	exists	none
F07-03-03	faq/Home/07. 개발 및 API/07-03. ODBC/07-03-03. unix_odbc와 연동하기__9110646.md	faq	FAQE/Home/07. Development and API/ODBC/Integrating with unix_odbc__16876187.md	S025	S025	S031	KO_EN_DOC_REVIEW_REPORT.md J008; PASS2_KO_EN_DOC_REVIEW_REPORT.md P219	exists	none
F07-04-01	faq/Home/07. 개발 및 API/07-04. PHP/07-04-01. php 사용중인데 한글이 깨집니다__8454801.md	faq	FAQE/Home/07. Development and API/PHP/Hangul is broken when using php__16876191.md	S025	S025	S031	KO_EN_DOC_REVIEW_REPORT.md J008; PASS2_KO_EN_DOC_REVIEW_REPORT.md P219	exists	none
F07-05	faq/Home/07. 개발 및 API/07-05. Spring+iBatis 트랜잭션 관리 방법__9109742.md	faq	FAQE/Home/07. Development and API/How to manage Spring+iBatis transaction__16876194.md	S025	S025	S031	KO_EN_DOC_REVIEW_REPORT.md J008; PASS2_KO_EN_DOC_REVIEW_REPORT.md P219	exists	none
F08-01	faq/Home/08. 모니터링/08-01. Altibase에서 수행된 쿼리 로그 남기는 방법(altiProfile)은__9110730.md	faq	FAQE/Home/08. Monitoring/How to log queries performed in Altibase (altiProfile)__22642959.md	S026	S026	S031	KO_EN_DOC_REVIEW_REPORT.md J009; PASS2_KO_EN_DOC_REVIEW_REPORT.md P220	exists	none
F08-02	faq/Home/08. 모니터링/08-02. Lock 관련 정보 조회__9109812.md	faq	FAQE/Home/08. Monitoring/Lock related properties__16876204.md	S026	S026	S031	KO_EN_DOC_REVIEW_REPORT.md J009; PASS2_KO_EN_DOC_REVIEW_REPORT.md P220	exists	none
F08-03	faq/Home/08. 모니터링/08-03. OS별 시스템 정보 보기__9110801.md	faq	FAQE/Home/08. Monitoring/System information by OS__16876206.md	S026	S026	S031	KO_EN_DOC_REVIEW_REPORT.md J009; PASS2_KO_EN_DOC_REVIEW_REPORT.md P220	exists	none
F08-04	faq/Home/08. 모니터링/08-04. Windows 용 모니터링 툴__7340488.md	faq	FAQE/Home/08. Monitoring/Monitoring Tools for Windows__16876220.md	S026	S026	S031	KO_EN_DOC_REVIEW_REPORT.md J009; PASS2_KO_EN_DOC_REVIEW_REPORT.md P220	exists	none
F08-05	faq/Home/08. 모니터링/08-05. 디스크 테이블 및 인덱스 사용량__7342015.md	faq	FAQE/Home/08. Monitoring/Disk table and index usage__16876226.md	S026	S026	S031	KO_EN_DOC_REVIEW_REPORT.md J009; PASS2_KO_EN_DOC_REVIEW_REPORT.md P220	exists	none
F08-05-01	faq/Home/08. 모니터링/08-05. 디스크 테이블 및 인덱스 사용량/08-05-01. ALTIBASE HDB 4.3.9.x__7342017.md	faq	FAQE/Home/08. Monitoring/Disk table and index usage/ALTIBASE HDB 4.3.9.x__16876229.md	S026	S026	S031	KO_EN_DOC_REVIEW_REPORT.md J009; PASS2_KO_EN_DOC_REVIEW_REPORT.md P220	exists	none
F08-05-02	faq/Home/08. 모니터링/08-05. 디스크 테이블 및 인덱스 사용량/08-05-02. ALTIBASE HDB 5.1.5.x__7342019.md	faq	FAQE/Home/08. Monitoring/Disk table and index usage/ALTIBASE HDB 5.1.5.x__16876234.md	S026	S026	S031	KO_EN_DOC_REVIEW_REPORT.md J009; PASS2_KO_EN_DOC_REVIEW_REPORT.md P220	exists	none
F08-05-03	faq/Home/08. 모니터링/08-05. 디스크 테이블 및 인덱스 사용량/08-05-03. ALTIBASE HDB 5.3.x, 5.5.1, 6.1.1, 6.3.1__7342021.md	faq	FAQE/Home/08. Monitoring/Disk table and index usage/ALTIBASE HDB 5.3.x, 5.5.1, 6.1.1, 6.3.1__16876240.md	S026	S026	S031	KO_EN_DOC_REVIEW_REPORT.md J009; PASS2_KO_EN_DOC_REVIEW_REPORT.md P220	exists	none
F08-06-01	faq/Home/08. 모니터링/08-06. 디스크 테이블스페이스 사용량/08-06-01. ALTIBASE HDB 4.3.9__7342007.md	faq	FAQE/Home/08. Monitoring/Disk tablespace usage/ALTIBASE HDB 4.3.9__16876249.md	S026	S026	S031	KO_EN_DOC_REVIEW_REPORT.md J009; PASS2_KO_EN_DOC_REVIEW_REPORT.md P220	exists	none
F08-06-02	faq/Home/08. 모니터링/08-06. 디스크 테이블스페이스 사용량/08-06-02. ALTIBASE HDB 5.1.5__7342009.md	faq	FAQE/Home/08. Monitoring/Disk tablespace usage/ALTIBASE HDB 5.1.5__16876251.md	S026	S026	S031	KO_EN_DOC_REVIEW_REPORT.md J009; PASS2_KO_EN_DOC_REVIEW_REPORT.md P220	exists	none
F08-06-03	faq/Home/08. 모니터링/08-06. 디스크 테이블스페이스 사용량/08-06-03. ALTIBASE HDB 5.3.3, 5.3.5__7342011.md	faq	FAQE/Home/08. Monitoring/Disk tablespace usage/ALTIBASE HDB 5.3.3, 5.3.5__16876253.md	S026	S026	S031	KO_EN_DOC_REVIEW_REPORT.md J009; PASS2_KO_EN_DOC_REVIEW_REPORT.md P220	exists	none
F08-06-04	faq/Home/08. 모니터링/08-06. 디스크 테이블스페이스 사용량/08-06-04. ALTIBASE HDB 5.5.1, 6.1.1, 6.3.1__7342013.md	faq	FAQE/Home/08. Monitoring/Disk tablespace usage/ALTIBASE HDB 5.5.1, 6.1.1, 6.3.1__16876255.md	S026	S026	S031	KO_EN_DOC_REVIEW_REPORT.md J009; PASS2_KO_EN_DOC_REVIEW_REPORT.md P220	exists	none
F08-07	faq/Home/08. 모니터링/08-07. 롤백(rollback) 중인 쿼리를 확인하는 방법__8454580.md	faq	FAQE/Home/08. Monitoring/How to determine which queries are being rolled back__16876296.md	S026	S026	S031	KO_EN_DOC_REVIEW_REPORT.md J009; PASS2_KO_EN_DOC_REVIEW_REPORT.md P220	exists	none
F08-08	faq/Home/08. 모니터링/08-08. 메모리 테이블 및 인덱스 사용량__8454613.md	faq	FAQE/Home/08. Monitoring/Memory table and index usage__16876259.md	S026	S026	S031	KO_EN_DOC_REVIEW_REPORT.md J009; PASS2_KO_EN_DOC_REVIEW_REPORT.md P220	exists	none
F08-09-01	faq/Home/08. 모니터링/08-09. 메모리 테이블스페이스 사용량/08-09-01. ALTIBASE HDB 5.5.1, 6.1.1, 6.3.1__8454645.md	faq	FAQE/Home/08. Monitoring/Memory tablespace usage/ALTIBASE HDB 5.5.1, 6.1.1, 6.3.1__16876263.md	S026	S026	S031	KO_EN_DOC_REVIEW_REPORT.md J009; PASS2_KO_EN_DOC_REVIEW_REPORT.md P220	exists	none
F08-10	faq/Home/08. 모니터링/08-10. 알티몬(altimon) 설정 및 실행 방법__6979592.md	faq	FAQE/Home/08. Monitoring/How to set up and execute altimon__16876266.md	S026	S026	S031	KO_EN_DOC_REVIEW_REPORT.md J009; PASS2_KO_EN_DOC_REVIEW_REPORT.md P220	exists	none
F08-11-01	faq/Home/08. 모니터링/08-11. 언두 테이블스페이스(UNDO TABLESPACE)/08-11-01. 언두 테이블스페이스 사용량__7341970.md	faq	FAQE/Home/08. Monitoring/Undo Tablespace/Undo tablespace usage__22642965.md	S026	S026	S031	KO_EN_DOC_REVIEW_REPORT.md J009; PASS2_KO_EN_DOC_REVIEW_REPORT.md P220	exists	none
F08-11-02	faq/Home/08. 모니터링/08-11. 언두 테이블스페이스(UNDO TABLESPACE)/08-11-02. 언두 테이블스페이스 사용량 증가 시 모니터링 방법__8455098.md	faq	FAQE/Home/08. Monitoring/Undo Tablespace/Monitoring method when undo tablespace usage increases__22642963.md	S026	S026	S031	KO_EN_DOC_REVIEW_REPORT.md J009; PASS2_KO_EN_DOC_REVIEW_REPORT.md P220	exists	none
F08-12	faq/Home/08. 모니터링/08-12. 테이블_컬럼 정의서__12517434.md	faq	FAQE/Home/08. Monitoring/Table_Column Definition__22642961.md	S026	S026	S031	KO_EN_DOC_REVIEW_REPORT.md J009; PASS2_KO_EN_DOC_REVIEW_REPORT.md P220	exists	none
F09-01	faq/Home/09. 에러메시지/09-01. [Notify _ Fetch Timeout] Session Closed by Server__9109652.md	faq	FAQE/Home/09. Error Messages/[Notify _ Fetch Timeout] Session Closed by Server__16876301.md	S027	S027	S031	KO_EN_DOC_REVIEW_REPORT.md J009; PASS2_KO_EN_DOC_REVIEW_REPORT.md P221	exists	none
F09-02	faq/Home/09. 에러메시지/09-02. [Warning] Memory allocation failed__9109748.md	faq	FAQE/Home/09. Error Messages/[Warning] Memory allocation failed__16876308.md	S027	S027	S031	KO_EN_DOC_REVIEW_REPORT.md J009; PASS2_KO_EN_DOC_REVIEW_REPORT.md P221	exists	none
F09-03	faq/Home/09. 에러메시지/09-03. altibase_boot.log의 TRY_COUNT, LOCK_COUNT, MISS_COUNT 메시지 의미__9110174.md	faq	FAQE/Home/09. Error Messages/altibase_boot.log - TRY_COUNT, LOCK_COUNT, MISS_COUNT__22642967.md	S027	S027	S031	KO_EN_DOC_REVIEW_REPORT.md J009; PASS2_KO_EN_DOC_REVIEW_REPORT.md P221	exists	none
F09-04	faq/Home/09. 에러메시지/09-04. altibase_qp.log의 8자리 errorcode 확인방법__6521445.md	faq	FAQE/Home/09. Error Messages/How to check the 8-digit errorcode of altibase_qp.log__16876313.md	S027	S027	S031	KO_EN_DOC_REVIEW_REPORT.md J009; PASS2_KO_EN_DOC_REVIEW_REPORT.md P221	exists	none
F09-05	faq/Home/09. 에러메시지/09-05. Closed Socket by client is Detected__6521171.md	faq	FAQE/Home/09. Error Messages/Closed Socket by client is Detected__16876319.md	S027	S027	S031	KO_EN_DOC_REVIEW_REPORT.md J009; PASS2_KO_EN_DOC_REVIEW_REPORT.md P221	exists	none
F09-06	faq/Home/09. 에러메시지/09-06. ERR-0109D Insufficient memory__6521110.md	faq	FAQE/Home/09. Error Messages/ERR-0109D Insufficient memory__16876324.md	S027	S027	S031	KO_EN_DOC_REVIEW_REPORT.md J009; PASS2_KO_EN_DOC_REVIEW_REPORT.md P221	exists	none
F09-07	faq/Home/09. 에러메시지/09-07. ERR-311E0 The estimated size of the index key exceeds the maximum limit__6521026.md	faq	FAQE/Home/09. Error Messages/ERR-311E0 The estimated size of the index key exceeds the maximum limit__16876328.md	S027	S027	S031	KO_EN_DOC_REVIEW_REPORT.md J009; PASS2_KO_EN_DOC_REVIEW_REPORT.md P221	exists	none
F09-08	faq/Home/09. 에러메시지/09-08. ERR-410D2 (266450) Fetch out of sequence__10060534.md	faq	FAQE/Home/09. Error Messages/ERR-410D2 (266450) Fetch out of sequence__16876332.md	S027	S027	S031	KO_EN_DOC_REVIEW_REPORT.md J009; PASS2_KO_EN_DOC_REVIEW_REPORT.md P221	exists	none
F09-09	faq/Home/09. 에러메시지/09-09. ERR-1105D Unable to begin a new update statement__6521112.md	faq	FAQE/Home/09. Error Messages/ERR-1105D Unable to begin a new update statement__22642969.md	S027	S027	S031	KO_EN_DOC_REVIEW_REPORT.md J009; PASS2_KO_EN_DOC_REVIEW_REPORT.md P221	exists	none
F09-10	faq/Home/09. 에러메시지/09-10. ERR-4103C (266300) Request of fetching data to an unprepared SQL statement__10060521.md	faq	FAQE/Home/09. Error Messages/ERR-4103C (266300) Request of fetching data to an unprepared SQL statement__16876347.md	S027	S027	S031	KO_EN_DOC_REVIEW_REPORT.md J009; PASS2_KO_EN_DOC_REVIEW_REPORT.md P221	exists	none
F09-11	faq/Home/09. 에러메시지/09-11. ERR-4109C Invalid session property__8454428.md	faq	FAQE/Home/09. Error Messages/ERR-4109C Invalid session property__22642975.md	S028	S028	S031	KO_EN_DOC_REVIEW_REPORT.md J009; PASS2_KO_EN_DOC_REVIEW_REPORT.md P221	exists	none
F09-12	faq/Home/09. 에러메시지/09-12. ERR-5102E ( 331822) Invalid cursor state__9110660.md	faq	FAQE/Home/09. Error Messages/ERR-5102E ( 331822) Invalid cursor state__16876356.md	S028	S028	S031	KO_EN_DOC_REVIEW_REPORT.md J009; PASS2_KO_EN_DOC_REVIEW_REPORT.md P221	exists	none
F09-13	faq/Home/09. 에러메시지/09-13. ERR-7101D ( 462877) Protocol header error__6521284.md	faq	FAQE/Home/09. Error Messages/ERR-7101D ( 462877) Protocol header error__16876373.md	S028	S028	S031	KO_EN_DOC_REVIEW_REPORT.md J009; PASS2_KO_EN_DOC_REVIEW_REPORT.md P221	exists	none
F09-14	faq/Home/09. 에러메시지/09-14. ERR-11030 ( 69680) The data file cannot be extended because the requested size is bigger than the maximum size (F__9110712.md	faq	FAQE/Home/09. Error Messages/ERR-11030 ( 69680) The data file cannot be extended because the requested size is bigger than the maximum size (FID_0%d__16876378.md	S028	S028	S031	KO_EN_DOC_REVIEW_REPORT.md J009; PASS2_KO_EN_DOC_REVIEW_REPORT.md P221	exists	Korean export filename is truncated; English target preserves the corresponding ERR-11030 title.
F09-15	faq/Home/09. 에러메시지/09-15. ERR-11036 The data file is in use__6521344.md	faq	FAQE/Home/09. Error Messages/ERR-11036 The data file is in use__16876380.md	S028	S028	S031	KO_EN_DOC_REVIEW_REPORT.md J009; PASS2_KO_EN_DOC_REVIEW_REPORT.md P221	exists	none
F09-16	faq/Home/09. 에러메시지/09-16. ERR-11049 ( 69705) Too many pages are allocated ( Maximum Number of Pages= 숫자)__9110685.md	faq	FAQE/Home/09. Error Messages/ERR-11049 ( 69705) Too many pages are allocated ( Maximum Number of Pages= #)__16876385.md	S028	S028	S031	KO_EN_DOC_REVIEW_REPORT.md J009; PASS2_KO_EN_DOC_REVIEW_REPORT.md P221	exists	none
F09-17	faq/Home/09. 에러메시지/09-17. ERR-11075 ( 69749) The transaction has exceeded the lock timeout specified by the user__6521290.md	faq	FAQE/Home/09. Error Messages/ERR-11075 The transaction has exceeded the lock timeout specified by the user__16876388.md	S028	S028	S031	KO_EN_DOC_REVIEW_REPORT.md J009; PASS2_KO_EN_DOC_REVIEW_REPORT.md P221	exists	none
F09-18	faq/Home/09. 에러메시지/09-18. ERR-11118 ( 69912) The update log size '_' is bigger than TRX_UPDATE_MAX_LOGSIZE '_'__8454818.md	faq	FAQE/Home/09. Error Messages/ERR-11118 ( 69912) The update log size '_' is bigger than TRX_UPDATE_MAX_LOGSIZE '_'__16876399.md	S028	S028	S031	KO_EN_DOC_REVIEW_REPORT.md J009; PASS2_KO_EN_DOC_REVIEW_REPORT.md P221	exists	none
F09-19	faq/Home/09. 에러메시지/09-19. ERR-11183 ( 70019) Insufficient page descriptor area in the temp table__10846427.md	faq	FAQE/Home/09. Error Messages/ERR-11183 ( 70019) Insufficient page descriptor area in the temp table__16876409.md	S028	S028	S031	KO_EN_DOC_REVIEW_REPORT.md J009; PASS2_KO_EN_DOC_REVIEW_REPORT.md P221	exists	none
F09-20	faq/Home/09. 에러메시지/09-20. ERR-11184 ( 70020) Insufficient free space in work area__10846429.md	faq	FAQE/Home/09. Error Messages/ERR-11184 ( 70020) Insufficient free space in work area__16876418.md	S028	S028	S031	KO_EN_DOC_REVIEW_REPORT.md J009; PASS2_KO_EN_DOC_REVIEW_REPORT.md P221	exists	none
F09-21	faq/Home/09. 에러메시지/Home/09. 에러메시지/09-21. ERR-21010 Value overflow__6521028.md	faq	FAQE/Home/09. Error Messages/ERR-21010 Value overflow__16876422.md	S029	S029	S031	KO_EN_DOC_REVIEW_REPORT.md J009; PASS2_KO_EN_DOC_REVIEW_REPORT.md P221	exists	Nested Korean export path.
F09-22	faq/Home/09. 에러메시지/09-22. ERR-21011 _ Invalid literal__8455157.md	faq	FAQE/Home/09. Error Messages/ERR-21011 _ Invalid literal__16876425.md	S029	S029	S031	KO_EN_DOC_REVIEW_REPORT.md J009; PASS2_KO_EN_DOC_REVIEW_REPORT.md P221	exists	none
F09-23	faq/Home/09. 에러메시지/09-23. ERR-31283 Unable to create a primary key or a unique key constraint in the local non-prefixed index__6521108.md	faq	FAQE/Home/09. Error Messages/ERR-31283 Unable to create a primary key or a unique key constraint in the local non-prefixed index__16876430.md	S029	S029	S031	KO_EN_DOC_REVIEW_REPORT.md J009; PASS2_KO_EN_DOC_REVIEW_REPORT.md P221	exists	none
F09-24	faq/Home/09. 에러메시지/09-24. ERR-41059 ( 266329) Task pool overflow. Check properties__9110810.md	faq	FAQE/Home/09. Error Messages/ERR-41059 ( 266329) Task pool overflow. Check properties__16876433.md	S029	S029	S031	KO_EN_DOC_REVIEW_REPORT.md J009; PASS2_KO_EN_DOC_REVIEW_REPORT.md P221	exists	none
F09-25	faq/Home/09. 에러메시지/09-25. ERR-71018 ( 462872) Failed to invoke a system function, read() 또는 Failed to invoke the read() system function__9110051.md	faq	FAQE/Home/09. Error Messages/ERR-71018 ( 462872) Failed to invoke a system function, read() or Failed to invoke the read() system function__16876441.md	S029	S029	S031	KO_EN_DOC_REVIEW_REPORT.md J009; PASS2_KO_EN_DOC_REVIEW_REPORT.md P221	exists	none
F09-26	faq/Home/09. 에러메시지/09-26. ERR-71019(errno=104) Failed to invoke a system function, write()__9110055.md	faq	FAQE/Home/09. Error Messages/ERR-71019(errno=104) Failed to invoke a system function, write()__16876443.md	S029	S029	S031	KO_EN_DOC_REVIEW_REPORT.md J009; PASS2_KO_EN_DOC_REVIEW_REPORT.md P221	exists	none
F09-27	faq/Home/09. 에러메시지/09-27. ERR-91015 ( 593941) Communication failure__9110894.md	faq	FAQE/Home/09. Error Messages/ERR-91015 ( 593941) Communication failure__22642976.md	S029	S029	S031	KO_EN_DOC_REVIEW_REPORT.md J009; PASS2_KO_EN_DOC_REVIEW_REPORT.md P221	exists	none
F09-28	faq/Home/09. 에러메시지/09-28. Not found data__10060525.md	faq	FAQE/Home/09. Error Messages/Not found data__16876451.md	S029	S029	S031	KO_EN_DOC_REVIEW_REPORT.md J009; PASS2_KO_EN_DOC_REVIEW_REPORT.md P221	exists	none
F09-29	faq/Home/09. 에러메시지/09-29. tablespace does not have enough free space 에러__9110690.md	faq	FAQE/Home/09. Error Messages/tablespace does not have enough free space error__16876454.md	S029	S029	S031	KO_EN_DOC_REVIEW_REPORT.md J009; PASS2_KO_EN_DOC_REVIEW_REPORT.md P221	exists	none
F11-01	faq/Home/11. 유틸리티/11-01. AdminCenter2 실행 파일__8454900.md	faq	FAQE/Home/11. Utilities/AdminCenter2 execution file__16876465.md	S030	S030	S031	KO_EN_DOC_REVIEW_REPORT.md J009; PASS2_KO_EN_DOC_REVIEW_REPORT.md P222	exists	none
F11-02-01	faq/Home/11. 유틸리티/11-02. iLoader/11-02-01. 도스 형식 데이터 파일을 iloader로 업로드 할 때 에러가 발생 합니다__8454513.md	faq	FAQE/Home/11. Utilities/iLoader/An error occurs when uploading a DOS format data file to iloader__16876469.md	S030	S030	S031	KO_EN_DOC_REVIEW_REPORT.md J009; PASS2_KO_EN_DOC_REVIEW_REPORT.md P222	exists	none
F12-01	faq/Home/12. 기타/12-01. Thread process debugging방법__9109859.md	faq	FAQE/Home/12. Others/Thread process debugging method__16876474.md	S030	S030	S031	KO_EN_DOC_REVIEW_REPORT.md J009; PASS2_KO_EN_DOC_REVIEW_REPORT.md P222	exists	none
F12-02	faq/Home/12. 기타/12-02. 대용량 DRDB Index 구축__20873218.md	faq	FAQE/Home/12. Others/Building a Large-Scale DRDB Index__22642978.md	S030	S030	S031	KO_EN_DOC_REVIEW_REPORT.md J009; PASS2_KO_EN_DOC_REVIEW_REPORT.md P222	exists	none
F13-01	faq/Home/13. 일반/13-01. Altibase는 어떤 인터페이스를 제공하나요__9110631.md	faq	FAQE/Home/13. General/What interface does Altibase provide__22642982.md	S030	S030	S031	KO_EN_DOC_REVIEW_REPORT.md J009; PASS2_KO_EN_DOC_REVIEW_REPORT.md P222	exists	none
F13-02	faq/Home/13. 일반/13-02. Altibase와 디스크 기반 DBMS의 가장 큰 차이점은 무엇인가요__9110635.md	faq	FAQE/Home/13. General/What is the biggest difference between Altibase and disk-based DBMS__16876485.md	S030	S030	S031	KO_EN_DOC_REVIEW_REPORT.md J009; PASS2_KO_EN_DOC_REVIEW_REPORT.md P222	exists	none
F13-03	faq/Home/13. 일반/13-03. 메모리에 전체 데이터베이스가 존재하는데 데이터의 안전성에는 문제가 없나요__9110752.md	faq	FAQE/Home/13. General/The entire database exists in memory. Is there any problem with the safety of the data__22642980.md	S030	S030	S031	KO_EN_DOC_REVIEW_REPORT.md J009; PASS2_KO_EN_DOC_REVIEW_REPORT.md P222	exists	none
