path	line	class	excerpt	action	evidence	risk	notes
arch/Home/Altibase Development Guide/4. CLIENT APPLICATION Error Messages__14058547.md	213	intentional_attachment_filename	- `ALTIBASE_개발가이드.pdf`	preserved	Korean source legacy document placeholder retained as an attachment filename; no prose translation needed.	none	Legacy attachment filename is intentionally preserved for traceability.
arch/Home/Altibase Development Guide/4. CLIENT APPLICATION Error Messages__14058547.md	214	intentional_attachment_filename	- `ALTIBASE_개발가이드_5.3.pdf` (ALTIBASE v5.3)	preserved	Korean source legacy document placeholder retained as an attachment filename with version context.	none	Legacy attachment filename is intentionally preserved for traceability.
arch/Home/APRE_C_C++ New Features & Upgrade Guide__22643052.md	458	intentional_attachment_filename	Legacy document placeholder: `APRE_New_Features_업그레이드_가이드.pdf` (`#`) (changes after Altibase v5).	preserved	Hangul is inside a legacy attachment filename placeholder; surrounding English text is already translated.	none	Legacy `#` attachment label should remain for later legacy-attachment inventory.
arch/Home/Linux Setup Guide for Altibase__22643022.md	1342	intentional_attachment_filename	- [Altibase_운영을_위한_Linux_설정_가이드_2019.pdf](https://docs.altibase.com/download/attachments/13436485/Altibase_%EC%9A%B4%EC%98%81%EC%9D%84_%EC%9C%84%ED%95%9C_Linux_%EC%84%A4%EC%A0%95_%EA%B0%80%EC%9D%B4%EB%93%9C_2019.pdf?version=1&modificationDate=1584944731000&api=v2)	preserved	Downloadable Korean source attachment filename and docs.altibase.com URL are intentionally preserved.	none	Preserve the exact attachment label and encoded URL filename.
arch/Home/Linux Setup Guide for Altibase__22643022.md	1343	intentional_attachment_filename	- Legacy document: [ALTIBASE_운영을_위한_Linux_설정_가이드.pdf](https://docs.altibase.com/download/attachments/13436485/ALTIBASE_%EC%9A%B4%EC%98%81%EC%9D%84_%EC%9C%84%ED%95%9C_Linux_%EC%84%A4%EC%A0%95_%EA%B0%80%EC%9D%B4%EB%93%9C.pdf?version=1&modificationDate=1698366100000&api=v2)	preserved	Downloadable Korean source attachment filename and docs.altibase.com URL are intentionally preserved.	none	Preserve the exact attachment label and encoded URL filename.
arch/Home/Altibase Quick Install & Start for UNIX__16875604.md	801	intentional_sample_data	iSQL> insert into test values ('알티베이스');	preserved	Hangul is deliberate SQL sample data used to demonstrate Korean character-set behavior.	none	Sample data must remain unchanged.
arch/Home/Altibase Quick Install & Start for UNIX__16875604.md	830	intentional_sample_data	-> When retrieving Korean data in a session connected with US7ASCII, the input "알티베이스" data may be broken and displayed as ?????	preserved	Hangul is the same deliberate sample value referenced by translated explanatory text.	none	Sample value must remain unchanged.
arch/Home/Altibase Quick Install & Start for UNIX__16875604.md	862	intentional_sample_data	알티베이스	preserved	Hangul is expected query output proving Korean data displays correctly after character-set configuration.	none	Sample output must remain unchanged.
arch/Home/Altibase VC 2008 Development Guide__19333567.md	43	intentional_attachment_filename	Downloadable document: [ALTIBASE_VC_2008_개발가이드.zip](https://docs.altibase.com/download/attachments/19333567/ALTIBASE_VC_2008_%EA%B0%9C%EB%B0%9C%EA%B0%80%EC%9D%B4%EB%93%9C.zip?version=1&modificationDate=1697696674000&api=v2)	preserved	Downloadable Korean source attachment filename and docs.altibase.com URL are intentionally preserved.	none	Preserve the exact attachment label and encoded URL filename.
arch/Home/ORACLE to ALTIBASE Conversion Guide__22643038.md	1175	intentional_attachment_filename	- `ALTIBASE_Oracle_변환_가이드.pdf` (Altibase v6 & Oracle 11g)	preserved	Korean source legacy document placeholder retained as an attachment filename with version context.	none	Legacy attachment filename is intentionally preserved for traceability.
arch/Home/ORACLE to ALTIBASE Conversion Guide__22643038.md	1176	intentional_attachment_filename	- `ORACLE_to_ALTIBASE_변환_가이드_5.5.pdf` (Altibase v5 & Oracle 10g)	preserved	Korean source legacy document placeholder retained as an attachment filename with version context.	none	Legacy attachment filename is intentionally preserved for traceability.
arch/Home/MSSQL to ALTIBASE Conversion Guide__22643024.md	579	intentional_attachment_filename	The Korean source lists the legacy document placeholder `ALTIBASE_MSSQL_변환가이드.pdf` without a downloadable URL.	preserved	Hangul is inside a legacy attachment filename placeholder; surrounding English text is already translated.	none	Legacy attachment filename is intentionally preserved for traceability.
arch/Home/Migration Center User Guide__19955861.md	641	intentional_attachment_filename	Original downloadable document: [Migration_Center_사용자가이드.pdf](https://docs.altibase.com/download/attachments/19955861/Migration_Center_%EC%82%AC%EC%9A%A9%EC%9E%90%EA%B0%80%EC%9D%B4%EB%93%9C.pdf?version=2&modificationDate=1701652961000&api=v2)	preserved	Downloadable Korean source attachment filename and docs.altibase.com URL are intentionally preserved.	none	Preserve the exact attachment label and encoded URL filename.
arch/Home/Altibase_Oracle Comparison__16875638.md	609	intentional_attachment_filename	- [ALTIBASE_ORACLE_비교자료.pdf](https://docs.altibase.com/download/attachments/14058137/ALTIBASE_ORACLE_%EB%B9%84%EA%B5%90%EC%9E%90%EB%A3%8C.pdf?version=1&modificationDate=1697697201000&api=v2)	preserved	Downloadable Korean source attachment filename and docs.altibase.com URL are intentionally preserved.	none	Preserve the exact attachment label and encoded URL filename.
arch/Home/Altibase VC 2010 Development Guide__19334121.md	43	intentional_attachment_filename	Downloadable document: [ALTIBASE_VC_2010_개발가이드.pdf](https://docs.altibase.com/download/attachments/19334121/ALTIBASE_VC_2010_%EA%B0%9C%EB%B0%9C%EA%B0%80%EC%9D%B4%EB%93%9C.pdf?version=1&modificationDate=1698738784000&api=v2)	preserved	Downloadable Korean source attachment filename and docs.altibase.com URL are intentionally preserved.	none	Preserve the exact attachment label and encoded URL filename.
arch/Home/Configuration Guide For Minimizing Disk I_O Contention__22643018.md	353	intentional_attachment_filename	- 2023.12 version: [202312_Altibase_디스크IO_병목을_고려한_볼륨구성_가이드.pdf](https://docs.altibase.com/download/attachments/11698408/202312_Altibase_%EB%94%94%EC%8A%A4%ED%81%ACIO_%EB%B3%91%EB%AA%A9%EC%9D%84_%EA%B3%A0%EB%A0%A4%ED%95%9C_%EB%B3%BC%EB%A5%A8%EA%B5%AC%EC%84%B1_%EA%B0%80%EC%9D%B4%EB%93%9C.pdf?version=2&modificationDate=1702282370000&api=v2) (Altibase 6.5 or later)	preserved	Downloadable Korean source attachment filename and docs.altibase.com URL are intentionally preserved.	none	Preserve the exact attachment label and encoded URL filename.
arch/Home/Configuration Guide For Minimizing Disk I_O Contention__22643018.md	354	intentional_attachment_filename	- 2015.11 version: [201511_ALTIBASE_디스크IO_병목을_고려한_볼륨구성_가이드.pdf](https://docs.altibase.com/download/attachments/11698408/201511_ALTIBASE_%EB%94%94%EC%8A%A4%ED%81%ACIO_%EB%B3%91%EB%AA%A9%EC%9D%84_%EA%B3%A0%EB%A0%A4%ED%95%9C_%EB%B3%BC%EB%A5%A8%EA%B5%AC%EC%84%B1_%EA%B0%80%EC%9D%B4%EB%93%9C.pdf?version=1&modificationDate=1701925177000&api=v2) (Altibase 6)	preserved	Downloadable Korean source attachment filename and docs.altibase.com URL are intentionally preserved.	none	Preserve the exact attachment label and encoded URL filename.
arch/Home/Configuration Guide For Minimizing Disk I_O Contention__22643018.md	355	intentional_attachment_filename	- 2009.12 version: [200912_ALTIBASE_디스크IO_병목을_고려한_볼륨구성_가이드.pdf](https://docs.altibase.com/download/attachments/11698408/200912_ALTIBASE_%EB%94%94%EC%8A%A4%ED%81%ACIO_%EB%B3%91%EB%AA%A9%EC%9D%84_%EA%B3%A0%EB%A0%A4%ED%95%9C_%EB%B3%BC%EB%A5%A8%EA%B5%AC%EC%84%B1_%EA%B0%80%EC%9D%B4%EB%93%9C.pdf?version=1&modificationDate=1701925145000&api=v2) (Altibase 5)	preserved	Downloadable Korean source attachment filename and docs.altibase.com URL are intentionally preserved.	none	Preserve the exact attachment label and encoded URL filename.
FAQE/Home/03. Replication/How to create_delete replication objects__16876082.md	30	intentional_attachment_filename	- [D24_ALTIBASE_효율적인_이중화_가이드.pdf](https://docs.altibase.com/download/attachments/13008990/D24_ALTIBASE_%ED%9A%A8%EC%9C%A8%EC%A0%81%EC%9D%B8_%EC%9D%B4%EC%A4%91%ED%99%94_%EA%B0%80%EC%9D%B4%EB%93%9C1.pdf?version=1&modificationDate=1544508306000&api=v2)	preserved	Downloadable Korean source attachment filename and docs.altibase.com URL are intentionally preserved.	none	Preserve the exact attachment label and encoded URL filename.
FAQE/Home/03. Replication/How to create_delete replication objects__16876082.md	31	intentional_attachment_filename	- [D67_ALTIBASE_이중화_제약사항_가이드.pdf](https://docs.altibase.com/download/attachments/13008990/D67_ALTIBASE_%EC%9D%B4%EC%A4%91%ED%99%94_%EC%A0%9C%EC%95%BD%EC%82%AC%ED%95%AD_%EA%B0%80%EC%9D%B4%EB%93%9C.pdf?version=1&modificationDate=1544508306000&api=v2)	preserved	Downloadable Korean source attachment filename and docs.altibase.com URL are intentionally preserved.	none	Preserve the exact attachment label and encoded URL filename.
FAQE/Home/02. Operation and Management/Detailed procedure for changing character set__16876045.md	97	intentional_sample_data	iSQL> insert into hangul_t values('US7ASII_한글테스트합니다');	preserved	Hangul is deliberate SQL sample data for a character-set conversion procedure.	none	Sample data must remain unchanged.
FAQE/Home/02. Operation and Management/Detailed procedure for changing character set__16876045.md	101	intentional_sample_data	C1 : US7ASII_한글테스트합니다	preserved	Hangul is expected command output from the deliberate sample value.	none	Sample output must remain unchanged.
FAQE/Home/02. Operation and Management/Detailed procedure for changing character set__16876045.md	129	intentional_sample_data	"한글 데이터입니다"	preserved	Hangul is deliberate exported data content used in the character-set conversion procedure.	none	Sample data must remain unchanged.
FAQE/Home/02. Operation and Management/Detailed procedure for changing character set__16876045.md	219	intentional_sample_data	C1 : US7ASII_한글테스트합니다 .	preserved	Hangul is expected command output from the deliberate sample value.	none	Sample output must remain unchanged.
