scope	ko_path	en_target_paths	attachment_label	extension	ko_url	en_url	status	action	risk	notes
technical	DOCK/Home/20. Altibase 설정 파일 가이드__13437165.md	arch/Home/Altibase Configuration File Guide__22642991.md	202312_Altibase_설정_파일_가이드.pdf	.pdf	https://docs.altibase.com/download/attachments/13437165/202312_Altibase_%EC%84%A4%EC%A0%95_%ED%8C%8C%EC%9D%BC_%EA%B0%80%EC%9D%B4%EB%93%9C.pdf?version=4&modificationDate=1702279114000&api=v2	https://docs.altibase.com/download/attachments/13437165/202312_Altibase_%EC%84%A4%EC%A0%95_%ED%8C%8C%EC%9D%BC_%EA%B0%80%EC%9D%B4%EB%93%9C.pdf?version=4&modificationDate=1702279114000&api=v2	preserved_url	No English change required; exact Korean-source URL is preserved in the mapped arch/Home target set.	none	Verified against live DOCK/Home source, doc-mapping.tsv target(s), and S019 evidence (S019-D020-U007).
technical	DOCK/Home/20. Altibase 설정 파일 가이드__13437165.md	arch/Home/Altibase Configuration File Guide__22642991.md	201003_ALTIBASE_설정_파일_가이드.pdf	.pdf	https://docs.altibase.com/download/attachments/13437165/201003_ALTIBASE_%EC%84%A4%EC%A0%95_%ED%8C%8C%EC%9D%BC_%EA%B0%80%EC%9D%B4%EB%93%9C.pdf?version=1&modificationDate=1701842255000&api=v2	https://docs.altibase.com/download/attachments/13437165/201003_ALTIBASE_%EC%84%A4%EC%A0%95_%ED%8C%8C%EC%9D%BC_%EA%B0%80%EC%9D%B4%EB%93%9C.pdf?version=1&modificationDate=1701842255000&api=v2	preserved_url	No English change required; exact Korean-source URL is preserved in the mapped arch/Home target set.	none	Verified against live DOCK/Home source, doc-mapping.tsv target(s), and S019 evidence (S019-D020-U008).
technical	DOCK/Home/21. Altibase 디스크I_O 병목을 고려한 볼륨구성 가이드__11698408.md	arch/Home/Configuration Guide For Minimizing Disk I_O Contention__22643018.md	202312_Altibase_디스크IO_병목을_고려한_볼륨구성_가이드.pdf	.pdf	https://docs.altibase.com/download/attachments/11698408/202312_Altibase_%EB%94%94%EC%8A%A4%ED%81%ACIO_%EB%B3%91%EB%AA%A9%EC%9D%84_%EA%B3%A0%EB%A0%A4%ED%95%9C_%EB%B3%BC%EB%A5%A8%EA%B5%AC%EC%84%B1_%EA%B0%80%EC%9D%B4%EB%93%9C.pdf?version=2&modificationDate=1702282370000&api=v2	https://docs.altibase.com/download/attachments/11698408/202312_Altibase_%EB%94%94%EC%8A%A4%ED%81%ACIO_%EB%B3%91%EB%AA%A9%EC%9D%84_%EA%B3%A0%EB%A0%A4%ED%95%9C_%EB%B3%BC%EB%A5%A8%EA%B5%AC%EC%84%B1_%EA%B0%80%EC%9D%B4%EB%93%9C.pdf?version=2&modificationDate=1702282370000&api=v2	preserved_url	No English change required; exact Korean-source URL is preserved in the mapped arch/Home target set.	none	Verified against live DOCK/Home source, doc-mapping.tsv target(s), and S019 evidence (S019-D021-U002).
technical	DOCK/Home/21. Altibase 디스크I_O 병목을 고려한 볼륨구성 가이드__11698408.md	arch/Home/Configuration Guide For Minimizing Disk I_O Contention__22643018.md	201511_ALTIBASE_디스크IO_병목을_고려한_볼륨구성_가이드.pdf	.pdf	https://docs.altibase.com/download/attachments/11698408/201511_ALTIBASE_%EB%94%94%EC%8A%A4%ED%81%ACIO_%EB%B3%91%EB%AA%A9%EC%9D%84_%EA%B3%A0%EB%A0%A4%ED%95%9C_%EB%B3%BC%EB%A5%A8%EA%B5%AC%EC%84%B1_%EA%B0%80%EC%9D%B4%EB%93%9C.pdf?version=1&modificationDate=1701925177000&api=v2	https://docs.altibase.com/download/attachments/11698408/201511_ALTIBASE_%EB%94%94%EC%8A%A4%ED%81%ACIO_%EB%B3%91%EB%AA%A9%EC%9D%84_%EA%B3%A0%EB%A0%A4%ED%95%9C_%EB%B3%BC%EB%A5%A8%EA%B5%AC%EC%84%B1_%EA%B0%80%EC%9D%B4%EB%93%9C.pdf?version=1&modificationDate=1701925177000&api=v2	preserved_url	No English change required; exact Korean-source URL is preserved in the mapped arch/Home target set.	none	Verified against live DOCK/Home source, doc-mapping.tsv target(s), and S019 evidence (S019-D021-U003).
technical	DOCK/Home/21. Altibase 디스크I_O 병목을 고려한 볼륨구성 가이드__11698408.md	arch/Home/Configuration Guide For Minimizing Disk I_O Contention__22643018.md	200912_ALTIBASE_디스크IO_병목을_고려한_볼륨구성_가이드.pdf	.pdf	https://docs.altibase.com/download/attachments/11698408/200912_ALTIBASE_%EB%94%94%EC%8A%A4%ED%81%ACIO_%EB%B3%91%EB%AA%A9%EC%9D%84_%EA%B3%A0%EB%A0%A4%ED%95%9C_%EB%B3%BC%EB%A5%A8%EA%B5%AC%EC%84%B1_%EA%B0%80%EC%9D%B4%EB%93%9C.pdf?version=1&modificationDate=1701925145000&api=v2	https://docs.altibase.com/download/attachments/11698408/200912_ALTIBASE_%EB%94%94%EC%8A%A4%ED%81%ACIO_%EB%B3%91%EB%AA%A9%EC%9D%84_%EA%B3%A0%EB%A0%A4%ED%95%9C_%EB%B3%BC%EB%A5%A8%EA%B5%AC%EC%84%B1_%EA%B0%80%EC%9D%B4%EB%93%9C.pdf?version=1&modificationDate=1701925145000&api=v2	preserved_url	No English change required; exact Korean-source URL is preserved in the mapped arch/Home target set.	none	Verified against live DOCK/Home source, doc-mapping.tsv target(s), and S019 evidence (S019-D021-U004).
technical	DOCK/Home/25. Altibase 데이터베이스 생성 가이드__13436812.md	arch/Home/Creating ALTIBASE Database__22643020.md	ALTIBASE_버전별_DB_생성_가이드.pdf	.pdf	https://docs.altibase.com/download/attachments/13436812/ALTIBASE_%EB%B2%84%EC%A0%84%EB%B3%84_DB_%EC%83%9D%EC%84%B1_%EA%B0%80%EC%9D%B4%EB%93%9C.pdf?version=2&modificationDate=1758150003000&api=v2	https://docs.altibase.com/download/attachments/13436812/ALTIBASE_%EB%B2%84%EC%A0%84%EB%B3%84_DB_%EC%83%9D%EC%84%B1_%EA%B0%80%EC%9D%B4%EB%93%9C.pdf?version=2&modificationDate=1758150003000&api=v2	preserved_url	No English change required; exact Korean-source URL is preserved in the mapped arch/Home target set.	none	Verified against live DOCK/Home source, doc-mapping.tsv target(s), and S019 evidence (S019-D025-U002).
technical	DOCK/Home/28. Altibase TOMCAT 연동가이드__7341030.md	arch/Home/TOMCAT Integration Guide for Altibase__14058489.md; arch/Home/TOMCAT Integration Guide for Altibase/1. TOMCAT Installation__14058491.md; arch/Home/TOMCAT Integration Guide for Altibase/2. JDBC Driver Configuration__14058500.md; arch/Home/TOMCAT Integration Guide for Altibase/3. Integrating ALTIBASE and TOMCAT__14058506.md; arch/Home/TOMCAT Integration Guide for Altibase/4. Fail-Over Configuration__14058508.md; arch/Home/TOMCAT Integration Guide for Altibase/5. Considerations when integrating TOMCAT__22643044.md; arch/Home/TOMCAT Integration Guide for Altibase/6. Errors when integrating TOMCAT__14058515.md	ALTIBASE_TOMCAT연동_가이드.pdf	.pdf	https://docs.altibase.com/download/attachments/7341030/ALTIBASE_TOMCAT%EC%97%B0%EB%8F%99_%EA%B0%80%EC%9D%B4%EB%93%9C.pdf?version=1&modificationDate=1417566911000&api=v2	https://docs.altibase.com/download/attachments/7341030/ALTIBASE_TOMCAT%EC%97%B0%EB%8F%99_%EA%B0%80%EC%9D%B4%EB%93%9C.pdf?version=1&modificationDate=1417566911000&api=v2	preserved_url	No English change required; exact Korean-source URL is preserved in the mapped arch/Home target set.	none	Verified against live DOCK/Home source, doc-mapping.tsv target(s), and S019 evidence (S019-D028-U004).
technical	DOCK/Home/28. Altibase TOMCAT 연동가이드__7341030.md	arch/Home/TOMCAT Integration Guide for Altibase__14058489.md; arch/Home/TOMCAT Integration Guide for Altibase/1. TOMCAT Installation__14058491.md; arch/Home/TOMCAT Integration Guide for Altibase/2. JDBC Driver Configuration__14058500.md; arch/Home/TOMCAT Integration Guide for Altibase/3. Integrating ALTIBASE and TOMCAT__14058506.md; arch/Home/TOMCAT Integration Guide for Altibase/4. Fail-Over Configuration__14058508.md; arch/Home/TOMCAT Integration Guide for Altibase/5. Considerations when integrating TOMCAT__22643044.md; arch/Home/TOMCAT Integration Guide for Altibase/6. Errors when integrating TOMCAT__14058515.md	ALTIBASE_TOMCAT_연동_가이드_5.5.pdf	.pdf	https://docs.altibase.com/download/attachments/7341030/ALTIBASE_TOMCAT_%EC%97%B0%EB%8F%99_%EA%B0%80%EC%9D%B4%EB%93%9C_5.5.pdf?version=1&modificationDate=1417599249000&api=v2	https://docs.altibase.com/download/attachments/7341030/ALTIBASE_TOMCAT_%EC%97%B0%EB%8F%99_%EA%B0%80%EC%9D%B4%EB%93%9C_5.5.pdf?version=1&modificationDate=1417599249000&api=v2	preserved_url	No English change required; exact Korean-source URL is preserved in the mapped arch/Home target set.	none	Verified against live DOCK/Home source, doc-mapping.tsv target(s), and S019 evidence (S019-D028-U005).
technical	DOCK/Home/29. Altibase JEUS 연동가이드__7341028.md	arch/Home/JEUS Integration Guide for Altibase__14058459.md; arch/Home/JEUS Integration Guide for Altibase/1. JEUS Installation__14058463.md; arch/Home/JEUS Integration Guide for Altibase/2. Integrating ALTIBASE and JEUS__14058474.md; arch/Home/JEUS Integration Guide for Altibase/3. Sample Examples__14058486.md	ALTIBASE_JEUS_연동_가이드.pdf	.pdf	https://docs.altibase.com/download/attachments/7341028/ALTIBASE_JEUS_%EC%97%B0%EB%8F%99_%EA%B0%80%EC%9D%B4%EB%93%9C.pdf?version=1&modificationDate=1417566887000&api=v2	https://docs.altibase.com/download/attachments/7341028/ALTIBASE_JEUS_%EC%97%B0%EB%8F%99_%EA%B0%80%EC%9D%B4%EB%93%9C.pdf?version=1&modificationDate=1417566887000&api=v2	preserved_url	No English change required; exact Korean-source URL is preserved in the mapped arch/Home target set.	none	Verified against live DOCK/Home source, doc-mapping.tsv target(s), and S019 evidence (S019-D029-U011).
technical	DOCK/Home/29. Altibase JEUS 연동가이드__7341028.md	arch/Home/JEUS Integration Guide for Altibase__14058459.md; arch/Home/JEUS Integration Guide for Altibase/1. JEUS Installation__14058463.md; arch/Home/JEUS Integration Guide for Altibase/2. Integrating ALTIBASE and JEUS__14058474.md; arch/Home/JEUS Integration Guide for Altibase/3. Sample Examples__14058486.md	ALTIBASE_JEUS_연동_가이드_6.0.pdf	.pdf	https://docs.altibase.com/download/attachments/7341028/ALTIBASE_JEUS_%EC%97%B0%EB%8F%99_%EA%B0%80%EC%9D%B4%EB%93%9C_6.0.pdf?version=1&modificationDate=1417651669000&api=v2	https://docs.altibase.com/download/attachments/7341028/ALTIBASE_JEUS_%EC%97%B0%EB%8F%99_%EA%B0%80%EC%9D%B4%EB%93%9C_6.0.pdf?version=1&modificationDate=1417651669000&api=v2	preserved_url	No English change required; exact Korean-source URL is preserved in the mapped arch/Home target set.	none	Verified against live DOCK/Home source, doc-mapping.tsv target(s), and S019 evidence (S019-D029-U012).
technical	DOCK/Home/33. Altibase 개발자교육__19333461.md	arch/Home/Altibase Developer Training__22642996.md	Altibase_개발자교육_v1.pptx	.pptx	https://docs.altibase.com/download/attachments/19333461/Altibase_%EA%B0%9C%EB%B0%9C%EC%9E%90%EA%B5%90%EC%9C%A1_v1.pptx?version=5&modificationDate=1759191535000&api=v2	https://docs.altibase.com/download/attachments/19333461/Altibase_%EA%B0%9C%EB%B0%9C%EC%9E%90%EA%B5%90%EC%9C%A1_v1.pptx?version=5&modificationDate=1759191535000&api=v2	preserved_url	No English change required; exact Korean-source URL is preserved in the mapped arch/Home target set.	none	Verified against live DOCK/Home source, doc-mapping.tsv target(s), and S019 evidence (S019-D033-U002).
technical	DOCK/Home/33. Altibase 개발자교육__19333461.md	arch/Home/Altibase Developer Training__22642996.md	D33_ALTIBASE5_개발자교육.pdf	.pdf	https://docs.altibase.com/download/attachments/19333461/D33_ALTIBASE5_%EA%B0%9C%EB%B0%9C%EC%9E%90%EA%B5%90%EC%9C%A1.pdf?version=2&modificationDate=1697612224000&api=v2	https://docs.altibase.com/download/attachments/19333461/D33_ALTIBASE5_%EA%B0%9C%EB%B0%9C%EC%9E%90%EA%B5%90%EC%9C%A1.pdf?version=2&modificationDate=1697612224000&api=v2	preserved_url	No English change required; exact Korean-source URL is preserved in the mapped arch/Home target set.	none	Verified against live DOCK/Home source, doc-mapping.tsv target(s), and S019 evidence (S019-D033-U003).
technical	DOCK/Home/37. Altibase SQL 튜닝 가이드__19333563.md	arch/Home/Altibase SQL Tuning Guide__22643010.md	D68_Altibase_SQL_Tuning_Guide.pdf	.pdf	https://docs.altibase.com/download/attachments/19333563/D68_Altibase_SQL_Tuning_Guide.pdf?version=1&modificationDate=1697696104000&api=v2	https://docs.altibase.com/download/attachments/19333563/D68_Altibase_SQL_Tuning_Guide.pdf?version=1&modificationDate=1697696104000&api=v2	preserved_url	No English change required; exact Korean-source URL is preserved in the mapped arch/Home target set.	none	Verified against live DOCK/Home source, doc-mapping.tsv target(s), and S019 evidence (S019-D037-U002).
technical	DOCK/Home/38. Altibase VC 2008 개발가이드__19333567.md	arch/Home/Altibase VC 2008 Development Guide__19333567.md	ALTIBASE_VC_2008_개발가이드.zip	.zip	https://docs.altibase.com/download/attachments/19333567/ALTIBASE_VC_2008_%EA%B0%9C%EB%B0%9C%EA%B0%80%EC%9D%B4%EB%93%9C.zip?version=1&modificationDate=1697696674000&api=v2	https://docs.altibase.com/download/attachments/19333567/ALTIBASE_VC_2008_%EA%B0%9C%EB%B0%9C%EA%B0%80%EC%9D%B4%EB%93%9C.zip?version=1&modificationDate=1697696674000&api=v2	preserved_url	No English change required; exact Korean-source URL is preserved in the mapped arch/Home target set.	none	Verified against live DOCK/Home source, doc-mapping.tsv target(s), and S019 evidence (S019-D038-U002).
technical	DOCK/Home/39. Altibase, Oracle 비교 자료__14058137.md	arch/Home/Altibase_Oracle Comparison__16875638.md	ALTIBASE_ORACLE_비교자료.pdf	.pdf	https://docs.altibase.com/download/attachments/14058137/ALTIBASE_ORACLE_%EB%B9%84%EA%B5%90%EC%9E%90%EB%A3%8C.pdf?version=1&modificationDate=1697697201000&api=v2	https://docs.altibase.com/download/attachments/14058137/ALTIBASE_ORACLE_%EB%B9%84%EA%B5%90%EC%9E%90%EB%A3%8C.pdf?version=1&modificationDate=1697697201000&api=v2	preserved_url	No English change required; exact Korean-source URL is preserved in the mapped arch/Home target set.	none	Verified against live DOCK/Home source, doc-mapping.tsv target(s), and S019 evidence (S019-D039-U002).
technical	DOCK/Home/41. Altibase Quick Install & Start for UNIX__13436834.md	arch/Home/Altibase Quick Install & Start for UNIX__16875604.md	ALTIBASE_Quick_Install_Start_for_UNIX.pdf	.pdf	https://docs.altibase.com/download/attachments/13436834/ALTIBASE_Quick_Install_Start_for_UNIX.pdf?version=1&modificationDate=1697762511000&api=v2	https://docs.altibase.com/download/attachments/13436834/ALTIBASE_Quick_Install_Start_for_UNIX.pdf?version=1&modificationDate=1697762511000&api=v2	preserved_url	No English change required; exact Korean-source URL is preserved in the mapped arch/Home target set.	none	Verified against live DOCK/Home source, doc-mapping.tsv target(s), and S019 evidence (S019-D041-U006).
technical	DOCK/Home/42. Altibase 설치 시 발생할 수 있는 문제상황과 조치__13437056.md	arch/Home/Troubleshooting Altibase Installation Problems__15138879.md	ALTIBASE_설치_시_발생할_수_있는_문제상황과_조치.pdf	.pdf	https://docs.altibase.com/download/attachments/13437056/ALTIBASE_%EC%84%A4%EC%B9%98_%EC%8B%9C_%EB%B0%9C%EC%83%9D%ED%95%A0_%EC%88%98_%EC%9E%88%EB%8A%94_%EB%AC%B8%EC%A0%9C%EC%83%81%ED%99%A9%EA%B3%BC_%EC%A1%B0%EC%B9%98.pdf?version=1&modificationDate=1697764061000&api=v2	https://docs.altibase.com/download/attachments/13437056/ALTIBASE_%EC%84%A4%EC%B9%98_%EC%8B%9C_%EB%B0%9C%EC%83%9D%ED%95%A0_%EC%88%98_%EC%9E%88%EB%8A%94_%EB%AC%B8%EC%A0%9C%EC%83%81%ED%99%A9%EA%B3%BC_%EC%A1%B0%EC%B9%98.pdf?version=1&modificationDate=1697764061000&api=v2	preserved_url	No English change required; exact Korean-source URL is preserved in the mapped arch/Home target set.	none	Verified against live DOCK/Home source, doc-mapping.tsv target(s), and S019 evidence (S019-D042-U003).
technical	DOCK/Home/43. Altibase STARTUP _ STOP 과정의 이해__13434993.md	arch/Home/Understanding the Altibase Start_Shut down Process__14909450.md; arch/Home/Understanding the Altibase Start_Shut down Process/1. Starting Altibase__14909452.md; arch/Home/Understanding the Altibase Start_Shut down Process/2. Shutting Altibase Down__14909483.md	ALTIBASE_STARTUP_STOP_과정의이해.pdf	.pdf	https://docs.altibase.com/download/attachments/13434993/ALTIBASE_STARTUP_STOP_%EA%B3%BC%EC%A0%95%EC%9D%98%EC%9D%B4%ED%95%B4.pdf?version=1&modificationDate=1697766276000&api=v2	https://docs.altibase.com/download/attachments/13434993/ALTIBASE_STARTUP_STOP_%EA%B3%BC%EC%A0%95%EC%9D%98%EC%9D%B4%ED%95%B4.pdf?version=1&modificationDate=1697766276000&api=v2	preserved_url	No English change required; exact Korean-source URL is preserved in the mapped arch/Home target set.	none	Verified against live DOCK/Home source, doc-mapping.tsv target(s), and S019 evidence (S019-D043-U002).
technical	DOCK/Home/45. Altibase 운영을 위한 시스템 리소스 용량산정 가이드__14057887.md	arch/Home/System Data Capacity Estimation Guide for Altibase Operations__22643042.md	ALTIBASE_운영을_위한_시스템_리소스_용량산정_가이드.pdf	.pdf	https://docs.altibase.com/download/attachments/14057887/ALTIBASE_%EC%9A%B4%EC%98%81%EC%9D%84_%EC%9C%84%ED%95%9C_%EC%8B%9C%EC%8A%A4%ED%85%9C_%EB%A6%AC%EC%86%8C%EC%8A%A4_%EC%9A%A9%EB%9F%89%EC%82%B0%EC%A0%95_%EA%B0%80%EC%9D%B4%EB%93%9C.pdf?version=1&modificationDate=1698048077000&api=v2	https://docs.altibase.com/download/attachments/14057887/ALTIBASE_%EC%9A%B4%EC%98%81%EC%9D%84_%EC%9C%84%ED%95%9C_%EC%8B%9C%EC%8A%A4%ED%85%9C_%EB%A6%AC%EC%86%8C%EC%8A%A4_%EC%9A%A9%EB%9F%89%EC%82%B0%EC%A0%95_%EA%B0%80%EC%9D%B4%EB%93%9C.pdf?version=1&modificationDate=1698048077000&api=v2	preserved_url	No English change required; exact Korean-source URL is preserved in the mapped arch/Home target set.	none	Verified against live DOCK/Home source, doc-mapping.tsv target(s), and S019 evidence (S019-D045-U002).
technical	DOCK/Home/47. 문제분석을 위한 OS별 유틸리티 사용 가이드__13436866.md	arch/Home/Utility Guide for each OS for Problem Analysis__16875587.md	ALTIBASE_문제분석을_위한_OS별_유틸리티_사용_가이드.pdf	.pdf	https://docs.altibase.com/download/attachments/13436866/ALTIBASE_%EB%AC%B8%EC%A0%9C%EB%B6%84%EC%84%9D%EC%9D%84_%EC%9C%84%ED%95%9C_OS%EB%B3%84_%EC%9C%A0%ED%8B%B8%EB%A6%AC%ED%8B%B0_%EC%82%AC%EC%9A%A9_%EA%B0%80%EC%9D%B4%EB%93%9C.pdf?version=1&modificationDate=1698050117000&api=v2	https://docs.altibase.com/download/attachments/13436866/ALTIBASE_%EB%AC%B8%EC%A0%9C%EB%B6%84%EC%84%9D%EC%9D%84_%EC%9C%84%ED%95%9C_OS%EB%B3%84_%EC%9C%A0%ED%8B%B8%EB%A6%AC%ED%8B%B0_%EC%82%AC%EC%9A%A9_%EA%B0%80%EC%9D%B4%EB%93%9C.pdf?version=1&modificationDate=1698050117000&api=v2	preserved_url	No English change required; exact Korean-source URL is preserved in the mapped arch/Home target set.	none	Verified against live DOCK/Home source, doc-mapping.tsv target(s), and S019 evidence (S019-D047-U002).
technical	DOCK/Home/48. UNIX Memory Management__13436842.md	arch/Home/UNIX Memory Management__16875572.md	UNIX_Memory_Management.pdf	.pdf	https://docs.altibase.com/download/attachments/13436842/UNIX_Memory_Management.pdf?version=1&modificationDate=1698104488000&api=v2	https://docs.altibase.com/download/attachments/13436842/UNIX_Memory_Management.pdf?version=1&modificationDate=1698104488000&api=v2	preserved_url	No English change required; exact Korean-source URL is preserved in the mapped arch/Home target set.	none	Verified against live DOCK/Home source, doc-mapping.tsv target(s), and S019 evidence (S019-D048-U002).
technical	DOCK/Home/49. Altibase 이중화 제약사항 가이드__19333729.md	arch/Home/Altibase Replication Constraints Guide__22643008.md	ALTIBASE_이중화_제약사항_가이드.pdf	.pdf	https://docs.altibase.com/download/attachments/19333729/ALTIBASE_%EC%9D%B4%EC%A4%91%ED%99%94_%EC%A0%9C%EC%95%BD%EC%82%AC%ED%95%AD_%EA%B0%80%EC%9D%B4%EB%93%9C.pdf?version=1&modificationDate=1698111415000&api=v2	https://docs.altibase.com/download/attachments/19333729/ALTIBASE_%EC%9D%B4%EC%A4%91%ED%99%94_%EC%A0%9C%EC%95%BD%EC%82%AC%ED%95%AD_%EA%B0%80%EC%9D%B4%EB%93%9C.pdf?version=1&modificationDate=1698111415000&api=v2	preserved_url	No English change required; exact Korean-source URL is preserved in the mapped arch/Home target set.	none	Verified against live DOCK/Home source, doc-mapping.tsv target(s), and S019 evidence (S019-D049-U002).
technical	DOCK/Home/50. Altibase 백업정책 결정을 위한 고려사항__14057586.md	arch/Home/Considerations for Altibase Backup Policy__14647709.md; arch/Home/Considerations for Altibase Backup Policy/1. Backup Types__14647714.md; arch/Home/Considerations for Altibase Backup Policy/2. Considerations for Determining Backup Policy__14647722.md; arch/Home/Considerations for Altibase Backup Policy/3. Summary (Considerations for Altibase Backup Policy)__14647728.md	ALTIBASE_백업정책_결정을_위한_고려사항.pdf	.pdf	https://docs.altibase.com/download/attachments/14057586/ALTIBASE_%EB%B0%B1%EC%97%85%EC%A0%95%EC%B1%85_%EA%B2%B0%EC%A0%95%EC%9D%84_%EC%9C%84%ED%95%9C_%EA%B3%A0%EB%A0%A4%EC%82%AC%ED%95%AD.pdf?version=1&modificationDate=1698113791000&api=v2	https://docs.altibase.com/download/attachments/14057586/ALTIBASE_%EB%B0%B1%EC%97%85%EC%A0%95%EC%B1%85_%EA%B2%B0%EC%A0%95%EC%9D%84_%EC%9C%84%ED%95%9C_%EA%B3%A0%EB%A0%A4%EC%82%AC%ED%95%AD.pdf?version=1&modificationDate=1698113791000&api=v2	preserved_url	No English change required; exact Korean-source URL is preserved in the mapped arch/Home target set.	none	Verified against live DOCK/Home source, doc-mapping.tsv target(s), and S019 evidence (S019-D050-U003).
technical	DOCK/Home/51. Altibase window ADO.NET 개발 가이드__11698513.md	arch/Home/Altibase Window ADO.NET Development Guide__14647565.md; arch/Home/Altibase Window ADO.NET Development Guide/1. ADO.NET Settings__14647569.md; arch/Home/Altibase Window ADO.NET Development Guide/2. ADO.NET Development Guide__14647573.md; arch/Home/Altibase Window ADO.NET Development Guide/3. Frequent Error Messages__14647579.md	ALTIBASE_Windows_AOD.NET_개발가이드.pdf	.pdf	https://docs.altibase.com/download/attachments/11698513/ALTIBASE_Windows_AOD.NET_%EA%B0%9C%EB%B0%9C%EA%B0%80%EC%9D%B4%EB%93%9C.pdf?version=1&modificationDate=1698127982000&api=v2	https://docs.altibase.com/download/attachments/11698513/ALTIBASE_Windows_AOD.NET_%EA%B0%9C%EB%B0%9C%EA%B0%80%EC%9D%B4%EB%93%9C.pdf?version=1&modificationDate=1698127982000&api=v2	preserved_url	No English change required; exact Korean-source URL is preserved in the mapped arch/Home target set.	none	Verified against live DOCK/Home source, doc-mapping.tsv target(s), and S019 evidence (S019-D051-U005).
technical	DOCK/Home/52. Altibase WebSphere 연동 가이드__13435602.md	arch/Home/WebSphere Integration Guide for Altibase__14058343.md	ALTIBASE_Websphere_연동가이드.pdf	.pdf	https://docs.altibase.com/download/attachments/13435602/ALTIBASE_Websphere_%EC%97%B0%EB%8F%99%EA%B0%80%EC%9D%B4%EB%93%9C.pdf?version=1&modificationDate=1698197781000&api=v2	https://docs.altibase.com/download/attachments/13435602/ALTIBASE_Websphere_%EC%97%B0%EB%8F%99%EA%B0%80%EC%9D%B4%EB%93%9C.pdf?version=1&modificationDate=1698197781000&api=v2	preserved_url	No English change required; exact Korean-source URL is preserved in the mapped arch/Home target set.	none	Verified against live DOCK/Home source, doc-mapping.tsv target(s), and S019 evidence (S019-D052-U005).
technical	DOCK/Home/53. Windows 환경의 Altibase ODBC 개발 가이드__13436856.md	arch/Home/Altibase ODBC Development Guide in Windows Environment__15138911.md	ALTIBASE_Windows_ODBC_개발가이드.pdf	.pdf	https://docs.altibase.com/download/attachments/13436856/ALTIBASE_Windows_ODBC_%EA%B0%9C%EB%B0%9C%EA%B0%80%EC%9D%B4%EB%93%9C.pdf?version=1&modificationDate=1698199482000&api=v2	https://docs.altibase.com/download/attachments/13436856/ALTIBASE_Windows_ODBC_%EA%B0%9C%EB%B0%9C%EA%B0%80%EC%9D%B4%EB%93%9C.pdf?version=1&modificationDate=1698199482000&api=v2	preserved_url	No English change required; exact Korean-source URL is preserved in the mapped arch/Home target set.	none	Verified against live DOCK/Home source, doc-mapping.tsv target(s), and S019 evidence (S019-D053-U005).
technical	DOCK/Home/54. Altibase Spring 연동 가이드__7340945.md	arch/Home/Spring Integration Guide for Altibase__14058410.md; arch/Home/Spring Integration Guide for Altibase/1. What is Spring__14058412.md; arch/Home/Spring Integration Guide for Altibase/2. Setting before Developing Spring__14058420.md; arch/Home/Spring Integration Guide for Altibase/3. Setting up JDBC Driver__14058424.md; arch/Home/Spring Integration Guide for Altibase/4. Configuring DataSource__14058429.md; arch/Home/Spring Integration Guide for Altibase/5. Additional Connection__14058433.md; arch/Home/Spring Integration Guide for Altibase/6. Transaction Manager__14058437.md; arch/Home/Spring Integration Guide for Altibase/7. Considerations_Notes for Spring Integration__14058445.md; arch/Home/Spring Integration Guide for Altibase/8. Appendix - HelloSpring__14058449.md	ALTIBASE_Spring_연동가이드.pdf	.pdf	https://docs.altibase.com/download/attachments/7340945/ALTIBASE_Spring_%EC%97%B0%EB%8F%99%EA%B0%80%EC%9D%B4%EB%93%9C.pdf?version=1&modificationDate=1417566993000&api=v2	https://docs.altibase.com/download/attachments/7340945/ALTIBASE_Spring_%EC%97%B0%EB%8F%99%EA%B0%80%EC%9D%B4%EB%93%9C.pdf?version=1&modificationDate=1417566993000&api=v2	preserved_url	No English change required; exact Korean-source URL is preserved in the mapped arch/Home target set.	none	Verified against live DOCK/Home source, doc-mapping.tsv target(s), and S019 evidence (S019-D054-U003).
technical	DOCK/Home/54. Altibase Spring 연동 가이드__7340945.md	arch/Home/Spring Integration Guide for Altibase__14058410.md; arch/Home/Spring Integration Guide for Altibase/1. What is Spring__14058412.md; arch/Home/Spring Integration Guide for Altibase/2. Setting before Developing Spring__14058420.md; arch/Home/Spring Integration Guide for Altibase/3. Setting up JDBC Driver__14058424.md; arch/Home/Spring Integration Guide for Altibase/4. Configuring DataSource__14058429.md; arch/Home/Spring Integration Guide for Altibase/5. Additional Connection__14058433.md; arch/Home/Spring Integration Guide for Altibase/6. Transaction Manager__14058437.md; arch/Home/Spring Integration Guide for Altibase/7. Considerations_Notes for Spring Integration__14058445.md; arch/Home/Spring Integration Guide for Altibase/8. Appendix - HelloSpring__14058449.md	ALTIBASE_Spring_연동가이드_2.5.pdf	.pdf	https://docs.altibase.com/download/attachments/7340945/ALTIBASE_Spring_%EC%97%B0%EB%8F%99%EA%B0%80%EC%9D%B4%EB%93%9C_2.5.pdf?version=1&modificationDate=1417598735000&api=v2	https://docs.altibase.com/download/attachments/7340945/ALTIBASE_Spring_%EC%97%B0%EB%8F%99%EA%B0%80%EC%9D%B4%EB%93%9C_2.5.pdf?version=1&modificationDate=1417598735000&api=v2	preserved_url	No English change required; exact Korean-source URL is preserved in the mapped arch/Home target set.	none	Verified against live DOCK/Home source, doc-mapping.tsv target(s), and S019 evidence (S019-D054-U004).
technical	DOCK/Home/55. Altibase iBATIS 연동가이드__7340053.md	arch/Home/iBatis Integration Guide for Altibase__14058303.md; arch/Home/iBatis Integration Guide for Altibase/1. iBatis Overview__14058305.md; arch/Home/iBatis Integration Guide for Altibase/2. Sample Preparation using iBATIS__14058307.md; arch/Home/iBatis Integration Guide for Altibase/3. Altibase Integration__14058309.md; arch/Home/iBatis Integration Guide for Altibase/4. iBATIS, Spring, Altibase Integration__14058311.md; arch/Home/iBatis Integration Guide for Altibase/5. Spring Integration Guide for Altibase__14058315.md; arch/Home/iBatis Integration Guide for Altibase/Appendix__14058317.md	ALTIBASE_iBATIS_연동가이드.pdf	.pdf	https://docs.altibase.com/download/attachments/7340053/ALTIBASE_iBATIS_%EC%97%B0%EB%8F%99%EA%B0%80%EC%9D%B4%EB%93%9C.pdf?version=1&modificationDate=1417566939000&api=v2	https://docs.altibase.com/download/attachments/7340053/ALTIBASE_iBATIS_%EC%97%B0%EB%8F%99%EA%B0%80%EC%9D%B4%EB%93%9C.pdf?version=1&modificationDate=1417566939000&api=v2	preserved_url	No English change required; exact Korean-source URL is preserved in the mapped arch/Home target set.	none	Verified against live DOCK/Home source, doc-mapping.tsv target(s), and S019 evidence (S019-D055-U007).
technical	DOCK/Home/56. JAVA 개발 가이드__14057500.md	arch/Home/JAVA Developer's Guide__16875544.md	JAVA_개발가이드.pdf	.pdf	https://docs.altibase.com/download/attachments/14057500/JAVA_%EA%B0%9C%EB%B0%9C%EA%B0%80%EC%9D%B4%EB%93%9C.pdf?version=1&modificationDate=1698304337000&api=v2	https://docs.altibase.com/download/attachments/14057500/JAVA_%EA%B0%9C%EB%B0%9C%EA%B0%80%EC%9D%B4%EB%93%9C.pdf?version=1&modificationDate=1698304337000&api=v2	preserved_url	No English change required; exact Korean-source URL is preserved in the mapped arch/Home target set.	none	Verified against live DOCK/Home source, doc-mapping.tsv target(s), and S019 evidence (S019-D056-U002).
technical	DOCK/Home/57. Altibase 운영을 위한 Linux 설정 가이드__13436485.md	arch/Home/Linux Setup Guide for Altibase__22643022.md	Altibase_운영을_위한_Linux_설정_가이드_2019.pdf	.pdf	https://docs.altibase.com/download/attachments/13436485/Altibase_%EC%9A%B4%EC%98%81%EC%9D%84_%EC%9C%84%ED%95%9C_Linux_%EC%84%A4%EC%A0%95_%EA%B0%80%EC%9D%B4%EB%93%9C_2019.pdf?version=1&modificationDate=1584944731000&api=v2	https://docs.altibase.com/download/attachments/13436485/Altibase_%EC%9A%B4%EC%98%81%EC%9D%84_%EC%9C%84%ED%95%9C_Linux_%EC%84%A4%EC%A0%95_%EA%B0%80%EC%9D%B4%EB%93%9C_2019.pdf?version=1&modificationDate=1584944731000&api=v2	preserved_url	No English change required; exact Korean-source URL is preserved in the mapped arch/Home target set.	none	Verified against live DOCK/Home source, doc-mapping.tsv target(s), and S019 evidence (S019-D057-U043).
technical	DOCK/Home/57. Altibase 운영을 위한 Linux 설정 가이드__13436485.md	arch/Home/Linux Setup Guide for Altibase__22643022.md	ALTIBASE_운영을_위한_Linux_설정_가이드.pdf	.pdf	https://docs.altibase.com/download/attachments/13436485/ALTIBASE_%EC%9A%B4%EC%98%81%EC%9D%84_%EC%9C%84%ED%95%9C_Linux_%EC%84%A4%EC%A0%95_%EA%B0%80%EC%9D%B4%EB%93%9C.pdf?version=1&modificationDate=1698366100000&api=v2	https://docs.altibase.com/download/attachments/13436485/ALTIBASE_%EC%9A%B4%EC%98%81%EC%9D%84_%EC%9C%84%ED%95%9C_Linux_%EC%84%A4%EC%A0%95_%EA%B0%80%EC%9D%B4%EB%93%9C.pdf?version=1&modificationDate=1698366100000&api=v2	preserved_url	No English change required; exact Korean-source URL is preserved in the mapped arch/Home target set.	none	Verified against live DOCK/Home source, doc-mapping.tsv target(s), and S019 evidence (S019-D057-U044).
technical	DOCK/Home/58. Altibase Hibernate 연동가이드__14057878.md	arch/Home/Hibernate Integration Guide for Altibase__14058388.md	ALTIBASE_Hibernate_연동가이드.pdf	.pdf	https://docs.altibase.com/download/attachments/14057878/ALTIBASE_Hibernate_%EC%97%B0%EB%8F%99%EA%B0%80%EC%9D%B4%EB%93%9C.pdf?version=1&modificationDate=1698369532000&api=v2	https://docs.altibase.com/download/attachments/14057878/ALTIBASE_Hibernate_%EC%97%B0%EB%8F%99%EA%B0%80%EC%9D%B4%EB%93%9C.pdf?version=1&modificationDate=1698369532000&api=v2	preserved_url	No English change required; exact Korean-source URL is preserved in the mapped arch/Home target set.	none	Verified against live DOCK/Home source, doc-mapping.tsv target(s), and S019 evidence (S019-D058-U017).
technical	DOCK/Home/59. Altibase 모니터링 쿼리 가이드__10060431.md	arch/Home/Altibase Monitoring Queries Guide__14058229.md; arch/Home/Altibase Monitoring Queries Guide/1. Altibase Server Monitoring Overview__14058232.md; arch/Home/Altibase Monitoring Queries Guide/2. Altibase Meta Table and Performance View Overview__14058238.md; arch/Home/Altibase Monitoring Queries Guide/2. Altibase Meta Table and Performance View Overview/1. Main meta table and performance views related to session, query, transaction, lock, service thread, and memory DB GC__14058240.md; arch/Home/Altibase Monitoring Queries Guide/2. Altibase Meta Table and Performance View Overview/2. Major Meta Tables and Performance Views related to tablespace, table, column, index, and constraint__14058242.md; arch/Home/Altibase Monitoring Queries Guide/2. Altibase Meta Table and Performance View Overview/3. Main Performance View related to Statistical Information__14058244.md; arch/Home/Altibase Monitoring Queries Guide/2. Altibase Meta Table and Performance View Overview/4. Main Metal Tables and Performance Views Related to Replication__14058248.md; arch/Home/Altibase Monitoring Queries Guide/2. Altibase Meta Table and Performance View Overview/5. Whether Users can Access the Tablespace, System_Object Privileges, PSM, View related Meta Tables and Peformance Views__14058250.md; arch/Home/Altibase Monitoring Queries Guide/3. Monitoring Elements and Corresponding Monitoring Queries__14058252.md; arch/Home/Altibase Monitoring Queries Guide/3. Monitoring Elements and Corresponding Monitoring Queries/1. Session__14058254.md; arch/Home/Altibase Monitoring Queries Guide/3. Monitoring Elements and Corresponding Monitoring Queries/2. Statement__14058256.md; arch/Home/Altibase Monitoring Queries Guide/3. Monitoring Elements and Corresponding Monitoring Queries/3. Service Thread__14058260.md; arch/Home/Altibase Monitoring Queries Guide/3. Monitoring Elements and Corresponding Monitoring Queries/4. Transaction & Lock__14058264.md; arch/Home/Altibase Monitoring Queries Guide/3. Monitoring Elements and Corresponding Monitoring Queries/5. Redo Logfile__14058266.md; arch/Home/Altibase Monitoring Queries Guide/3. Monitoring Elements and Corresponding Monitoring Queries/6. GC (Garbage Collector)__14058268.md; arch/Home/Altibase Monitoring Queries Guide/3. Monitoring Elements and Corresponding Monitoring Queries/7. Memory__14058270.md; arch/Home/Altibase Monitoring Queries Guide/3. Monitoring Elements and Corresponding Monitoring Queries/8. Tablespace (TBS)__14058272.md; arch/Home/Altibase Monitoring Queries Guide/3. Monitoring Elements and Corresponding Monitoring Queries/9. Disk Buffer__14058274.md; arch/Home/Altibase Monitoring Queries Guide/3. Monitoring Elements and Corresponding Monitoring Queries/10. Object__14058276.md; arch/Home/Altibase Monitoring Queries Guide/3. Monitoring Elements and Corresponding Monitoring Queries/11. Privileges__14058278.md; arch/Home/Altibase Monitoring Queries Guide/3. Monitoring Elements and Corresponding Monitoring Queries/12. Constraints__14058280.md; arch/Home/Altibase Monitoring Queries Guide/3. Monitoring Elements and Corresponding Monitoring Queries/13. Replication__14058282.md	ALTIBASE_모니터링_쿼리_가이드.pdf	.pdf	https://docs.altibase.com/download/attachments/10060431/ALTIBASE_%EB%AA%A8%EB%8B%88%ED%84%B0%EB%A7%81_%EC%BF%BC%EB%A6%AC_%EA%B0%80%EC%9D%B4%EB%93%9C.pdf?version=1&modificationDate=1698627365000&api=v2	https://docs.altibase.com/download/attachments/10060431/ALTIBASE_%EB%AA%A8%EB%8B%88%ED%84%B0%EB%A7%81_%EC%BF%BC%EB%A6%AC_%EA%B0%80%EC%9D%B4%EB%93%9C.pdf?version=1&modificationDate=1698627365000&api=v2	preserved_url	No English change required; exact Korean-source URL is preserved in the mapped arch/Home target set.	none	Verified against live DOCK/Home source, doc-mapping.tsv target(s), and S019 evidence (S019-D059-U005).
technical	DOCK/Home/60. Altibase WebLogic 연동가이드__7340101.md	arch/Home/WEBLOGIC Integration Guide for Altibase__14058319.md; arch/Home/WEBLOGIC Integration Guide for Altibase/WebLogic Glossary__14058321.md; arch/Home/WEBLOGIC Integration Guide for Altibase/0. Prerequisites__14058324.md; arch/Home/WEBLOGIC Integration Guide for Altibase/1. WebLogic Setup__14058327.md; arch/Home/WEBLOGIC Integration Guide for Altibase/2. Starting and Shutdown the WebLogic Server Instance__14058329.md; arch/Home/WEBLOGIC Integration Guide for Altibase/3. ALTIBASE and WebLogic Integration__14058331.md; arch/Home/WEBLOGIC Integration Guide for Altibase/4. Fail-Over & Load-Balancing Settings__14058337.md; arch/Home/WEBLOGIC Integration Guide for Altibase/Integration Error__14058339.md	ALTIBASE_WebLogic_연동_가이드_12c.pdf	.pdf	https://docs.altibase.com/download/attachments/7340101/ALTIBASE_WebLogic_%EC%97%B0%EB%8F%99_%EA%B0%80%EC%9D%B4%EB%93%9C_12c.pdf?version=1&modificationDate=1417567027000&api=v2	https://docs.altibase.com/download/attachments/7340101/ALTIBASE_WebLogic_%EC%97%B0%EB%8F%99_%EA%B0%80%EC%9D%B4%EB%93%9C_12c.pdf?version=1&modificationDate=1417567027000&api=v2	preserved_url	No English change required; exact Korean-source URL is preserved in the mapped arch/Home target set.	none	Verified against live DOCK/Home source, doc-mapping.tsv target(s), and S019 evidence (S019-D060-U005).
technical	DOCK/Home/60. Altibase WebLogic 연동가이드__7340101.md	arch/Home/WEBLOGIC Integration Guide for Altibase__14058319.md; arch/Home/WEBLOGIC Integration Guide for Altibase/WebLogic Glossary__14058321.md; arch/Home/WEBLOGIC Integration Guide for Altibase/0. Prerequisites__14058324.md; arch/Home/WEBLOGIC Integration Guide for Altibase/1. WebLogic Setup__14058327.md; arch/Home/WEBLOGIC Integration Guide for Altibase/2. Starting and Shutdown the WebLogic Server Instance__14058329.md; arch/Home/WEBLOGIC Integration Guide for Altibase/3. ALTIBASE and WebLogic Integration__14058331.md; arch/Home/WEBLOGIC Integration Guide for Altibase/4. Fail-Over & Load-Balancing Settings__14058337.md; arch/Home/WEBLOGIC Integration Guide for Altibase/Integration Error__14058339.md	ALTIBASE_WebLogic_연동_가이드_10.3.pdf	.pdf	https://docs.altibase.com/download/attachments/7340101/ALTIBASE_WebLogic_%EC%97%B0%EB%8F%99_%EA%B0%80%EC%9D%B4%EB%93%9C_10.3.pdf?version=1&modificationDate=1417591117000&api=v2	https://docs.altibase.com/download/attachments/7340101/ALTIBASE_WebLogic_%EC%97%B0%EB%8F%99_%EA%B0%80%EC%9D%B4%EB%93%9C_10.3.pdf?version=1&modificationDate=1417591117000&api=v2	preserved_url	No English change required; exact Korean-source URL is preserved in the mapped arch/Home target set.	none	Verified against live DOCK/Home source, doc-mapping.tsv target(s), and S019 evidence (S019-D060-U006).
technical	DOCK/Home/61. Altibase VC 2010 개발가이드__19334121.md	arch/Home/Altibase VC 2010 Development Guide__19334121.md	ALTIBASE_VC_2010_개발가이드.pdf	.pdf	https://docs.altibase.com/download/attachments/19334121/ALTIBASE_VC_2010_%EA%B0%9C%EB%B0%9C%EA%B0%80%EC%9D%B4%EB%93%9C.pdf?version=1&modificationDate=1698738784000&api=v2	https://docs.altibase.com/download/attachments/19334121/ALTIBASE_VC_2010_%EA%B0%9C%EB%B0%9C%EA%B0%80%EC%9D%B4%EB%93%9C.pdf?version=1&modificationDate=1698738784000&api=v2	preserved_url	No English change required; exact Korean-source URL is preserved in the mapped arch/Home target set.	none	Verified against live DOCK/Home source, doc-mapping.tsv target(s), and S019 evidence (S019-D061-U002).
technical	DOCK/Home/62. Altibase CPU 과부하 현상에 대한 분석가이드__11698396.md	arch/Home/Altibase CPU Overload Analysis Guide__14647581.md; arch/Home/Altibase CPU Overload Analysis Guide/1. Routine Checklist__14647587.md; arch/Home/Altibase CPU Overload Analysis Guide/2. General Analysis Procedure__14647591.md; arch/Home/Altibase CPU Overload Analysis Guide/3. CPU Cost of Query Processing__14647598.md; arch/Home/Altibase CPU Overload Analysis Guide/4. CPU problems with other cases__14647606.md; arch/Home/Altibase CPU Overload Analysis Guide/5. Summary__14647615.md	ALTIBASE_CPU_PBT절차.pdf	.pdf	https://docs.altibase.com/download/attachments/11698396/ALTIBASE_CPU_PBT%EC%A0%88%EC%B0%A8.pdf?version=1&modificationDate=1698801484000&api=v2	https://docs.altibase.com/download/attachments/11698396/ALTIBASE_CPU_PBT%EC%A0%88%EC%B0%A8.pdf?version=1&modificationDate=1698801484000&api=v2	preserved_url	No English change required; exact Korean-source URL is preserved in the mapped arch/Home target set.	none	Verified against live DOCK/Home source, doc-mapping.tsv target(s), and S019 evidence (S019-D062-U004).
technical	DOCK/Home/63. Altibase Memory 사용량 증가 분석가이드__11698518.md	arch/Home/Altibase Memory Usage Increase Analysis Guide__14647388.md; arch/Home/Altibase Memory Usage Increase Analysis Guide/1. Routine Check of Memory Usage__14647392.md; arch/Home/Altibase Memory Usage Increase Analysis Guide/2. Causes and resolution for increase of Altibase process memory usage__14647396.md	ALTIBASE_MEM_PBT절차.pdf	.pdf	https://docs.altibase.com/download/attachments/11698518/ALTIBASE_MEM_PBT%EC%A0%88%EC%B0%A8.pdf?version=1&modificationDate=1698815576000&api=v2	https://docs.altibase.com/download/attachments/11698518/ALTIBASE_MEM_PBT%EC%A0%88%EC%B0%A8.pdf?version=1&modificationDate=1698815576000&api=v2	preserved_url	No English change required; exact Korean-source URL is preserved in the mapped arch/Home target set.	none	Verified against live DOCK/Home source, doc-mapping.tsv target(s), and S019 evidence (S019-D063-U005).
technical	DOCK/Home/64. Altibase MyBatis 연동 가이드__7340818.md	arch/Home/MyBatis Integration Guide for Altibase__14058349.md; arch/Home/MyBatis Integration Guide for Altibase/1. MyBatis Overview__14058351.md; arch/Home/MyBatis Integration Guide for Altibase/2. Differences Between MyBatis, and iBatis__14058354.md; arch/Home/MyBatis Integration Guide for Altibase/3. Sample Preparation using MyBatis__14058356.md; arch/Home/MyBatis Integration Guide for Altibase/4. Altibase Integration__22643026.md; arch/Home/MyBatis Integration Guide for Altibase/5. MyBatis, Spring, Altibase Integration__22643028.md; arch/Home/MyBatis Integration Guide for Altibase/6. Transaction Management__22643030.md; arch/Home/MyBatis Integration Guide for Altibase/7. Considerations for MyBatis Integration__22643032.md; arch/Home/MyBatis Integration Guide for Altibase/8. Appendix 1 (MyBatis-Altibase Integration)__22643034.md; arch/Home/MyBatis Integration Guide for Altibase/9. Appendix 2(Spring-MyBatis-Altibase Integration)__22643036.md	ALTIBASE_MyBatis_연동가이드.pdf	.pdf	https://docs.altibase.com/download/attachments/7340818/ALTIBASE_MyBatis_%EC%97%B0%EB%8F%99%EA%B0%80%EC%9D%B4%EB%93%9C.pdf?version=1&modificationDate=1417566977000&api=v2	https://docs.altibase.com/download/attachments/7340818/ALTIBASE_MyBatis_%EC%97%B0%EB%8F%99%EA%B0%80%EC%9D%B4%EB%93%9C.pdf?version=1&modificationDate=1417566977000&api=v2	preserved_url	No English change required; exact Korean-source URL is preserved in the mapped arch/Home target set.	none	Verified against live DOCK/Home source, doc-mapping.tsv target(s), and S019 evidence (S019-D064-U013).
technical	DOCK/Home/68. Altibase GeoServer 연동가이드__14058194.md	arch/Home/Altibase GeoServer Integration Guide__22643004.md	importer 플러그인을 다운로드	.zip	https://sourceforge.net/projects/geoserver/files/GeoServer/2.16.2/extensions/geoserver-2.16.2-importer-plugin.zip/download	https://sourceforge.net/projects/geoserver/files/GeoServer/2.16.2/extensions/geoserver-2.16.2-importer-plugin.zip/download	preserved_url	No English change required; exact Korean-source URL is preserved in the mapped arch/Home target set.	none	Verified against live DOCK/Home source, doc-mapping.tsv target(s), and S019 evidence (S019-D068-U008).
technical	DOCK/Home/70. Migration Center 사용자 가이드__19955861.md	arch/Home/Migration Center User Guide__19955861.md	Migration_Center_사용자가이드.pdf	.pdf	https://docs.altibase.com/download/attachments/19955861/Migration_Center_%EC%82%AC%EC%9A%A9%EC%9E%90%EA%B0%80%EC%9D%B4%EB%93%9C.pdf?version=2&modificationDate=1701652961000&api=v2	https://docs.altibase.com/download/attachments/19955861/Migration_Center_%EC%82%AC%EC%9A%A9%EC%9E%90%EA%B0%80%EC%9D%B4%EB%93%9C.pdf?version=2&modificationDate=1701652961000&api=v2	preserved_url	No English change required; exact Korean-source URL is preserved in the mapped arch/Home target set.	none	Verified against live DOCK/Home source, doc-mapping.tsv target(s), and S019 evidence (S019-D070-U012).
technical	DOCK/Home/36. Altibase 개발가이드__7341274.md	arch/Home/Altibase Development Guide__14058519.md; arch/Home/Altibase Development Guide/1. Considerations when Designing__22642998.md; arch/Home/Altibase Development Guide/2. Considerations when Developing__14058531.md; arch/Home/Altibase Development Guide/3. Altibase Trace Logs__22643000.md; arch/Home/Altibase Development Guide/4. CLIENT APPLICATION Error Messages__14058547.md	ALTIBASE_개발가이드.pdf	.pdf	no downloadable URL in source	no downloadable URL in source	legacy_no_downloadable_url	No URL added; Korean source provides only a legacy # placeholder.	no resolvable URL in Korean source	S019 S019-D036-U021 legacy document label; also inventoried in source-stabilization/legacy-attachments.tsv.
technical	DOCK/Home/36. Altibase 개발가이드__7341274.md	arch/Home/Altibase Development Guide__14058519.md; arch/Home/Altibase Development Guide/1. Considerations when Designing__22642998.md; arch/Home/Altibase Development Guide/2. Considerations when Developing__14058531.md; arch/Home/Altibase Development Guide/3. Altibase Trace Logs__22643000.md; arch/Home/Altibase Development Guide/4. CLIENT APPLICATION Error Messages__14058547.md	ALTIBASE_개발가이드_5.3.pdf	.pdf	no downloadable URL in source	no downloadable URL in source	legacy_no_downloadable_url	No URL added; Korean source provides only a legacy # placeholder.	no resolvable URL in Korean source	S019 S019-D036-U022 legacy document label; also inventoried in source-stabilization/legacy-attachments.tsv.
technical	DOCK/Home/40. Oracle to Altibase 변환가이드__7341605.md	arch/Home/ORACLE to ALTIBASE Conversion Guide__22643038.md	ALTIBASE_Oracle_변환_가이드.pdf	.pdf	no downloadable URL in source	no downloadable URL in source	legacy_no_downloadable_url	No URL added; Korean source provides only a legacy # placeholder.	no resolvable URL in Korean source	S019 S019-D040-U005 legacy document label; also inventoried in source-stabilization/legacy-attachments.tsv.
technical	DOCK/Home/40. Oracle to Altibase 변환가이드__7341605.md	arch/Home/ORACLE to ALTIBASE Conversion Guide__22643038.md	ORACLE_to_ALTIBASE_변환_가이드_5.5.pdf	.pdf	no downloadable URL in source	no downloadable URL in source	legacy_no_downloadable_url	No URL added; Korean source provides only a legacy # placeholder.	no resolvable URL in Korean source	S019 S019-D040-U006 legacy document label; also inventoried in source-stabilization/legacy-attachments.tsv.
technical	DOCK/Home/44. APRE_C_C++ New Features & 업그레이드 가이드__13435760.md	arch/Home/APRE_C_C++ New Features & Upgrade Guide__22643052.md	APRE_New_Features_업그레이드_가이드.pdf	.pdf	no downloadable URL in source	no downloadable URL in source	legacy_no_downloadable_url	No URL added; Korean source provides only a legacy # placeholder.	no resolvable URL in Korean source	S019 S019-D044-U005 legacy document label; also inventoried in source-stabilization/legacy-attachments.tsv.
technical	DOCK/Home/65. MSSQL to Altibase 변환가이드__7341431.md	arch/Home/MSSQL to ALTIBASE Conversion Guide__22643024.md	ALTIBASE_MSSQL_변환가이드.pdf	.pdf	no downloadable URL in source	no downloadable URL in source	legacy_no_downloadable_url	No URL added; Korean source provides only a legacy # placeholder.	no resolvable URL in Korean source	S019 S019-D065-U003 legacy document label; also inventoried in source-stabilization/legacy-attachments.tsv.
technical	DOCK/Home/57. Altibase 운영을 위한 Linux 설정 가이드__13436485.md	arch/Home/Linux Setup Guide for Altibase__22643022.md	IBM® Db2® servers might crash when the RemoveIPC option for Red Hat Enterprise Linux Version 7.2 is set to yes.	none	https://www.ibm.com/support/knowledgecenter/en/SS5R93_5.3.2/com.ibm.spectrum.sc.doc/fqz0_r_tbs_db2_rhel72.html	https://www.ibm.com/support/knowledgecenter/en/SS5R93_5.3.2/com.ibm.spectrum.sc.doc/fqz0_r_tbs_db2_rhel72.html	not_document_format	No English change required; this source link is not a downloadable document-format attachment.	none	Extension-like text occurs in the URL domain/path, not as a downloadable .pdf/.ppt/.pptx/.doc/.docx/.xls/.xlsx/.zip attachment.
technical	DOCK/Home/67. Altibase 도커 가이드__14057660.md	arch/Home/Altibase Docker Guide__14647741.md; arch/Home/Altibase Docker Guide/1. Overview of Docker__14647745.md; arch/Home/Altibase Docker Guide/2. Docker Installation__14647748.md; arch/Home/Altibase Docker Guide/3. Altibase Docker Image__14647754.md; arch/Home/Altibase Docker Guide/4. Creating Altibase Service Container__14647760.md; arch/Home/Altibase Docker Guide/5. Stopping_Deleting Altibase Service Container__14909445.md	https://www.docker.com/resources/what-container	none	https://www.docker.com/resources/what-container	https://www.docker.com/resources/what-container	not_document_format	No English change required; this source link is not a downloadable document-format attachment.	none	Extension-like text occurs in the URL domain/path, not as a downloadable .pdf/.ppt/.pptx/.doc/.docx/.xls/.xlsx/.zip attachment.
technical	DOCK/Home/67. Altibase 도커 가이드__14057660.md	arch/Home/Altibase Docker Guide__14647741.md; arch/Home/Altibase Docker Guide/1. Overview of Docker__14647745.md; arch/Home/Altibase Docker Guide/2. Docker Installation__14647748.md; arch/Home/Altibase Docker Guide/3. Altibase Docker Image__14647754.md; arch/Home/Altibase Docker Guide/4. Creating Altibase Service Container__14647760.md; arch/Home/Altibase Docker Guide/5. Stopping_Deleting Altibase Service Container__14909445.md	https://docs.docker.com	none	https://docs.docker.com/v17.09/engine/userguide/storagedriver/imagesandcontainers/#container-and-layers	https://docs.docker.com/v17.09/engine/userguide/storagedriver/imagesandcontainers/#container-and-layers	not_document_format	No English change required; this source link is not a downloadable document-format attachment.	none	Extension-like text occurs in the URL domain/path, not as a downloadable .pdf/.ppt/.pptx/.doc/.docx/.xls/.xlsx/.zip attachment.
technical	DOCK/Home/67. Altibase 도커 가이드__14057660.md	arch/Home/Altibase Docker Guide__14647741.md; arch/Home/Altibase Docker Guide/1. Overview of Docker__14647745.md; arch/Home/Altibase Docker Guide/2. Docker Installation__14647748.md; arch/Home/Altibase Docker Guide/3. Altibase Docker Image__14647754.md; arch/Home/Altibase Docker Guide/4. Creating Altibase Service Container__14647760.md; arch/Home/Altibase Docker Guide/5. Stopping_Deleting Altibase Service Container__14909445.md	도커 설치페이지	none	https://docs.docker.com/install/	https://docs.docker.com/install/	not_document_format	No English change required; this source link is not a downloadable document-format attachment.	none	Extension-like text occurs in the URL domain/path, not as a downloadable .pdf/.ppt/.pptx/.doc/.docx/.xls/.xlsx/.zip attachment.
technical	DOCK/Home/67. Altibase 도커 가이드__14057660.md	arch/Home/Altibase Docker Guide__14647741.md; arch/Home/Altibase Docker Guide/1. Overview of Docker__14647745.md; arch/Home/Altibase Docker Guide/2. Docker Installation__14647748.md; arch/Home/Altibase Docker Guide/3. Altibase Docker Image__14647754.md; arch/Home/Altibase Docker Guide/4. Creating Altibase Service Container__14647760.md; arch/Home/Altibase Docker Guide/5. Stopping_Deleting Altibase Service Container__14909445.md	도커허브	none	https://hub.docker.com/r/altibase/altibase	https://hub.docker.com/r/altibase/altibase	not_document_format	No English change required; this source link is not a downloadable document-format attachment.	none	Extension-like text occurs in the URL domain/path, not as a downloadable .pdf/.ppt/.pptx/.doc/.docx/.xls/.xlsx/.zip attachment.
technical	DOCK/Home/67. Altibase 도커 가이드__14057660.md	arch/Home/Altibase Docker Guide__14647741.md; arch/Home/Altibase Docker Guide/1. Overview of Docker__14647745.md; arch/Home/Altibase Docker Guide/2. Docker Installation__14647748.md; arch/Home/Altibase Docker Guide/3. Altibase Docker Image__14647754.md; arch/Home/Altibase Docker Guide/4. Creating Altibase Service Container__14647760.md; arch/Home/Altibase Docker Guide/5. Stopping_Deleting Altibase Service Container__14909445.md	여기	none	https://docs.docker.com/engine/reference/commandline/build/	https://docs.docker.com/engine/reference/commandline/build/	not_document_format	No English change required; this source link is not a downloadable document-format attachment.	none	Extension-like text occurs in the URL domain/path, not as a downloadable .pdf/.ppt/.pptx/.doc/.docx/.xls/.xlsx/.zip attachment.
technical	DOCK/Home/67. Altibase 도커 가이드__14057660.md	arch/Home/Altibase Docker Guide__14647741.md; arch/Home/Altibase Docker Guide/1. Overview of Docker__14647745.md; arch/Home/Altibase Docker Guide/2. Docker Installation__14647748.md; arch/Home/Altibase Docker Guide/3. Altibase Docker Image__14647754.md; arch/Home/Altibase Docker Guide/4. Creating Altibase Service Container__14647760.md; arch/Home/Altibase Docker Guide/5. Stopping_Deleting Altibase Service Container__14909445.md	여기	none	https://docs.docker.com/engine/reference/run/	https://docs.docker.com/engine/reference/run/	not_document_format	No English change required; this source link is not a downloadable document-format attachment.	none	Extension-like text occurs in the URL domain/path, not as a downloadable .pdf/.ppt/.pptx/.doc/.docx/.xls/.xlsx/.zip attachment.
technical	DOCK/Home/67. Altibase 도커 가이드__14057660.md	arch/Home/Altibase Docker Guide__14647741.md; arch/Home/Altibase Docker Guide/1. Overview of Docker__14647745.md; arch/Home/Altibase Docker Guide/2. Docker Installation__14647748.md; arch/Home/Altibase Docker Guide/3. Altibase Docker Image__14647754.md; arch/Home/Altibase Docker Guide/4. Creating Altibase Service Container__14647760.md; arch/Home/Altibase Docker Guide/5. Stopping_Deleting Altibase Service Container__14909445.md	https://docs.docker.com/	none	https://docs.docker.com/	https://docs.docker.com/	not_document_format	No English change required; this source link is not a downloadable document-format attachment.	none	Extension-like text occurs in the URL domain/path, not as a downloadable .pdf/.ppt/.pptx/.doc/.docx/.xls/.xlsx/.zip attachment.
faq	faq/Home/02. 운영 및 관리/02-12. MEM_MAX_DB_SIZE 프로퍼티 설정 변경__8454891.md	FAQE/Home/02. Operation and Management/What is MEM_MAX_DB_SIZE__16875991.md	total_memory_tablespaces_usage.txt	.txt	no downloadable URL in source	no downloadable URL in source	legacy_no_downloadable_url	No URL added; Korean source provides only a legacy # placeholder.	no resolvable URL in Korean source	S031 S031-L010 legacy attachment label; also inventoried in source-stabilization/legacy-attachments.tsv.
faq	faq/Home/03. 이중화/03-06. 이중화 객체 생성 및 삭제 방법__13008990.md	FAQE/Home/03. Replication/How to create_delete replication objects__16876082.md	D24_ALTIBASE_효율적인_이중화_가이드.pdf	.pdf	https://docs.altibase.com/download/attachments/13008990/D24_ALTIBASE_%ED%9A%A8%EC%9C%A8%EC%A0%81%EC%9D%B8_%EC%9D%B4%EC%A4%91%ED%99%94_%EA%B0%80%EC%9D%B4%EB%93%9C1.pdf?version=1&modificationDate=1544508306000&api=v2	https://docs.altibase.com/download/attachments/13008990/D24_ALTIBASE_%ED%9A%A8%EC%9C%A8%EC%A0%81%EC%9D%B8_%EC%9D%B4%EC%A4%91%ED%99%94_%EA%B0%80%EC%9D%B4%EB%93%9C1.pdf?version=1&modificationDate=1544508306000&api=v2	preserved_url	No English change required; exact Korean-source URL is preserved in the mapped FAQE/Home target set.	none	Verified against live faq/Home source, doc-mapping.tsv target(s), and S031 evidence (S031-L033).
faq	faq/Home/03. 이중화/03-06. 이중화 객체 생성 및 삭제 방법__13008990.md	FAQE/Home/03. Replication/How to create_delete replication objects__16876082.md	D67_ALTIBASE_이중화_제약사항_가이드.pdf	.pdf	https://docs.altibase.com/download/attachments/13008990/D67_ALTIBASE_%EC%9D%B4%EC%A4%91%ED%99%94_%EC%A0%9C%EC%95%BD%EC%82%AC%ED%95%AD_%EA%B0%80%EC%9D%B4%EB%93%9C.pdf?version=1&modificationDate=1544508306000&api=v2	https://docs.altibase.com/download/attachments/13008990/D67_ALTIBASE_%EC%9D%B4%EC%A4%91%ED%99%94_%EC%A0%9C%EC%95%BD%EC%82%AC%ED%95%AD_%EA%B0%80%EC%9D%B4%EB%93%9C.pdf?version=1&modificationDate=1544508306000&api=v2	preserved_url	No English change required; exact Korean-source URL is preserved in the mapped FAQE/Home target set.	none	Verified against live faq/Home source, doc-mapping.tsv target(s), and S031 evidence (S031-L034).
faq	faq/Home/06. Stored Procedures/06-01. Stored Procedure 내에서 DML 로 영향 받은 레코드 수 확인 방법__8454526.md	FAQE/Home/06. Stored Procedure/How to check the number of records affected by DML within the stored procedure__16876157.md	SP_DML_RECORD_COUNT.txt	.txt	https://docs.altibase.com/download/attachments/8454526/SP_DML_RECORD_COUNT.txt?version=1&modificationDate=1421821636000&api=v2	https://docs.altibase.com/download/attachments/8454526/SP_DML_RECORD_COUNT.txt?version=1&modificationDate=1421821636000&api=v2	not_document_format	No English change required; downloadable support artifact is outside the document-format extension scope.	none	Exact URL preserved; excluded from document-format omission count because extension .txt is not in .pdf .ppt .pptx .doc .docx .xls .xlsx .zip (S031 S031-L040).
faq	faq/Home/07. 개발 및 API/07-05. Spring+iBatis 트랜잭션 관리 방법__9109742.md	FAQE/Home/07. Development and API/How to manage Spring+iBatis transaction__16876194.md	LobSpringIbatisSample.zip	.zip	https://docs.altibase.com/download/attachments/9109742/LobSpringIbatisSample.zip?version=1&modificationDate=1447388295000&api=v2	https://docs.altibase.com/download/attachments/9109742/LobSpringIbatisSample.zip?version=1&modificationDate=1447388295000&api=v2	preserved_url	No English change required; exact Korean-source URL is preserved in the mapped FAQE/Home target set.	none	Verified against live faq/Home source, doc-mapping.tsv target(s), and S031 evidence (S031-L060).
faq	faq/Home/08. 모니터링/08-04. Windows 용 모니터링 툴__7340488.md	FAQE/Home/08. Monitoring/Monitoring Tools for Windows__16876220.md	altimon_for_windows.zip	.zip	https://docs.altibase.com/download/attachments/7340488/altimon_for_windows.zip?version=1&modificationDate=1415946725000&api=v2	https://docs.altibase.com/download/attachments/7340488/altimon_for_windows.zip?version=1&modificationDate=1415946725000&api=v2	preserved_url	No English change required; exact Korean-source URL is preserved in the mapped FAQE/Home target set.	none	Verified against live faq/Home source, doc-mapping.tsv target(s), and S031 evidence (S031-L063).
faq	faq/Home/08. 모니터링/08-04. Windows 용 모니터링 툴__7340488.md	FAQE/Home/08. Monitoring/Monitoring Tools for Windows__16876220.md	altimon.bat	.bat	https://docs.altibase.com/download/attachments/7340488/altimon.bat?version=1&modificationDate=1415946725000&api=v2	https://docs.altibase.com/download/attachments/7340488/altimon.bat?version=1&modificationDate=1415946725000&api=v2	not_document_format	No English change required; downloadable support artifact is outside the document-format extension scope.	none	Exact URL preserved; excluded from document-format omission count because extension .bat is not in .pdf .ppt .pptx .doc .docx .xls .xlsx .zip (S031 S031-L064).
faq	faq/Home/08. 모니터링/08-04. Windows 용 모니터링 툴__7340488.md	FAQE/Home/08. Monitoring/Monitoring Tools for Windows__16876220.md	altimon.vbs	.vbs	https://docs.altibase.com/download/attachments/7340488/altimon.vbs?version=1&modificationDate=1415946725000&api=v2	https://docs.altibase.com/download/attachments/7340488/altimon.vbs?version=1&modificationDate=1415946725000&api=v2	not_document_format	No English change required; downloadable support artifact is outside the document-format extension scope.	none	Exact URL preserved; excluded from document-format omission count because extension .vbs is not in .pdf .ppt .pptx .doc .docx .xls .xlsx .zip (S031 S031-L065).
faq	faq/Home/08. 모니터링/08-10. 알티몬(altimon) 설정 및 실행 방법__6979592.md	FAQE/Home/08. Monitoring/How to set up and execute altimon__16876266.md	ALTIMON USER GUIDE	none	no downloadable URL in source	no downloadable URL in source	legacy_no_downloadable_url	No URL added; Korean source provides only a legacy # placeholder.	original Korean label is hash-only; English uses same-page guide context and preserved PDF URL	S031 S031-L068 legacy label; also inventoried in source-stabilization/legacy-attachments.tsv.
faq	faq/Home/08. 모니터링/08-10. 알티몬(altimon) 설정 및 실행 방법__6979592.md	FAQE/Home/08. Monitoring/How to set up and execute altimon__16876266.md	ALTIMON_USER_GUIDE.pdf	.pdf	https://docs.altibase.com/download/attachments/6979592/ALTIMON_USER_GUIDE.pdf?version=2&modificationDate=1422495172000&api=v2	https://docs.altibase.com/download/attachments/6979592/ALTIMON_USER_GUIDE.pdf?version=2&modificationDate=1422495172000&api=v2	preserved_url	No English change required; exact Korean-source URL is preserved in the mapped FAQE/Home target set.	none	Verified against live faq/Home source, doc-mapping.tsv target(s), and S031 evidence (S031-L069).
faq	faq/Home/08. 모니터링/08-10. 알티몬(altimon) 설정 및 실행 방법__6979592.md	FAQE/Home/08. Monitoring/How to set up and execute altimon__16876266.md	altimon_linux_631.tar	.tar	https://docs.altibase.com/download/attachments/6979592/altimon_linux_631.tar?version=4&modificationDate=1606700918000&api=v2	https://docs.altibase.com/download/attachments/6979592/altimon_linux_631.tar?version=4&modificationDate=1606700918000&api=v2	not_document_format	No English change required; downloadable support artifact is outside the document-format extension scope.	none	Exact URL preserved; excluded from document-format omission count because extension .tar is not in .pdf .ppt .pptx .doc .docx .xls .xlsx .zip (S031 S031-L070).
faq	faq/Home/08. 모니터링/08-10. 알티몬(altimon) 설정 및 실행 방법__6979592.md	FAQE/Home/08. Monitoring/How to set up and execute altimon__16876266.md	altimon_linux_611.tar	.tar	https://docs.altibase.com/download/attachments/6979592/altimon_linux_611.tar?version=3&modificationDate=1606701256000&api=v2	https://docs.altibase.com/download/attachments/6979592/altimon_linux_611.tar?version=3&modificationDate=1606701256000&api=v2	not_document_format	No English change required; downloadable support artifact is outside the document-format extension scope.	none	Exact URL preserved; excluded from document-format omission count because extension .tar is not in .pdf .ppt .pptx .doc .docx .xls .xlsx .zip (S031 S031-L071).
faq	faq/Home/08. 모니터링/08-10. 알티몬(altimon) 설정 및 실행 방법__6979592.md	FAQE/Home/08. Monitoring/How to set up and execute altimon__16876266.md	altimon_sunos_x86_439.tar	.tar	https://docs.altibase.com/download/attachments/6979592/altimon_sunos_x86_439.tar?version=1&modificationDate=1606701556000&api=v2	https://docs.altibase.com/download/attachments/6979592/altimon_sunos_x86_439.tar?version=1&modificationDate=1606701556000&api=v2	not_document_format	No English change required; downloadable support artifact is outside the document-format extension scope.	none	Exact URL preserved; excluded from document-format omission count because extension .tar is not in .pdf .ppt .pptx .doc .docx .xls .xlsx .zip (S031 S031-L072).
faq	faq/Home/08. 모니터링/08-10. 알티몬(altimon) 설정 및 실행 방법__6979592.md	FAQE/Home/08. Monitoring/How to set up and execute altimon__16876266.md	altimon_linux_611.tar	.tar	https://docs.altibase.com/download/attachments/6979592/altimon_linux_611.tar?version=3&modificationDate=1606701256000&api=v2	https://docs.altibase.com/download/attachments/6979592/altimon_linux_611.tar?version=3&modificationDate=1606701256000&api=v2	not_document_format	No English change required; downloadable support artifact is outside the document-format extension scope.	none	Exact URL preserved; excluded from document-format omission count because extension .tar is not in .pdf .ppt .pptx .doc .docx .xls .xlsx .zip (S031 S031-L073).
faq	faq/Home/08. 모니터링/08-10. 알티몬(altimon) 설정 및 실행 방법__6979592.md	FAQE/Home/08. Monitoring/How to set up and execute altimon__16876266.md	altimon_linux.tar	.tar	https://docs.altibase.com/download/attachments/6979592/altimon_linux.tar?version=2&modificationDate=1606699755000&api=v2	https://docs.altibase.com/download/attachments/6979592/altimon_linux.tar?version=2&modificationDate=1606699755000&api=v2	not_document_format	No English change required; downloadable support artifact is outside the document-format extension scope.	none	Exact URL preserved; excluded from document-format omission count because extension .tar is not in .pdf .ppt .pptx .doc .docx .xls .xlsx .zip (S031 S031-L074).
faq	faq/Home/08. 모니터링/08-10. 알티몬(altimon) 설정 및 실행 방법__6979592.md	FAQE/Home/08. Monitoring/How to set up and execute altimon__16876266.md	altimon_hpux_ia64.tar	.tar	https://docs.altibase.com/download/attachments/6979592/altimon_hpux_ia64.tar?version=2&modificationDate=1606699773000&api=v2	https://docs.altibase.com/download/attachments/6979592/altimon_hpux_ia64.tar?version=2&modificationDate=1606699773000&api=v2	not_document_format	No English change required; downloadable support artifact is outside the document-format extension scope.	none	Exact URL preserved; excluded from document-format omission count because extension .tar is not in .pdf .ppt .pptx .doc .docx .xls .xlsx .zip (S031 S031-L075).
faq	faq/Home/08. 모니터링/08-10. 알티몬(altimon) 설정 및 실행 방법__6979592.md	FAQE/Home/08. Monitoring/How to set up and execute altimon__16876266.md	altimon_sunos_sparc.tar	.tar	https://docs.altibase.com/download/attachments/6979592/altimon_sunos_sparc.tar?version=2&modificationDate=1606699785000&api=v2	https://docs.altibase.com/download/attachments/6979592/altimon_sunos_sparc.tar?version=2&modificationDate=1606699785000&api=v2	not_document_format	No English change required; downloadable support artifact is outside the document-format extension scope.	none	Exact URL preserved; excluded from document-format omission count because extension .tar is not in .pdf .ppt .pptx .doc .docx .xls .xlsx .zip (S031 S031-L076).
faq	faq/Home/08. 모니터링/08-10. 알티몬(altimon) 설정 및 실행 방법__6979592.md	FAQE/Home/08. Monitoring/How to set up and execute altimon__16876266.md	altimon.conf.631	.conf	https://docs.altibase.com/download/attachments/6979592/altimon.conf?version=1&modificationDate=1527654613000&api=v2	https://docs.altibase.com/download/attachments/6979592/altimon.conf?version=1&modificationDate=1527654613000&api=v2	not_document_format	No English change required; downloadable support artifact is outside the document-format extension scope.	none	Exact URL preserved; excluded from document-format omission count because extension .conf is not in .pdf .ppt .pptx .doc .docx .xls .xlsx .zip (S031 S031-L078).
faq	faq/Home/08. 모니터링/08-10. 알티몬(altimon) 설정 및 실행 방법__6979592.md	FAQE/Home/08. Monitoring/How to set up and execute altimon__16876266.md	altimon.conf.5.1.5	.conf	https://docs.altibase.com/download/attachments/6979592/altimon.conf.5.1.5?version=1&modificationDate=1445845022000&api=v2	https://docs.altibase.com/download/attachments/6979592/altimon.conf.5.1.5?version=1&modificationDate=1445845022000&api=v2	not_document_format	No English change required; downloadable support artifact is outside the document-format extension scope.	none	Exact URL preserved; excluded from document-format omission count because extension .conf is not in .pdf .ppt .pptx .doc .docx .xls .xlsx .zip (S031 S031-L079).
faq	faq/Home/09. 에러메시지/09-02. [Warning] Memory allocation failed__9109748.md	FAQE/Home/09. Error Messages/[Warning] Memory allocation failed__16876308.md	ALTIBASE_운영을_위한_HPUX_설정_가이드.pdf	.pdf	https://docs.altibase.com/download/attachments/9109748/ALTIBASE_%EC%9A%B4%EC%98%81%EC%9D%84_%EC%9C%84%ED%95%9C_HPUX_%EC%84%A4%EC%A0%95_%EA%B0%80%EC%9D%B4%EB%93%9C.pdf?version=1&modificationDate=1449022354000&api=v2	https://docs.altibase.com/download/attachments/9109748/ALTIBASE_%EC%9A%B4%EC%98%81%EC%9D%84_%EC%9C%84%ED%95%9C_HPUX_%EC%84%A4%EC%A0%95_%EA%B0%80%EC%9D%B4%EB%93%9C.pdf?version=1&modificationDate=1449022354000&api=v2	preserved_url	No English change required; exact Korean-source URL is preserved in the mapped FAQE/Home target set.	none	Verified against live faq/Home source, doc-mapping.tsv target(s), and S031 evidence (S031-L105).
faq	faq/Home/11. 유틸리티/11-01. AdminCenter2 실행 파일__8454900.md	FAQE/Home/11. Utilities/AdminCenter2 execution file__16876465.md	AdminCenter2.zip	.zip	https://docs.altibase.com/download/attachments/8454900/AdminCenter2.zip?version=1&modificationDate=1424835455000&api=v2	https://docs.altibase.com/download/attachments/8454900/AdminCenter2.zip?version=1&modificationDate=1424835455000&api=v2	preserved_url	No English change required; exact Korean-source URL is preserved in the mapped FAQE/Home target set.	none	Verified against live faq/Home source, doc-mapping.tsv target(s), and S031 evidence (S031-L125).
